施設番号,施設ID,施設名,種別,地域,歳児クラス,令和4年(2022)実績,令和4年_順位,令和4年_最低指数,令和4年_状況,令和5年(2023)実績,令和5年_順位,令和5年_最低指数,令和5年_状況,令和6年(2024)実績,令和6年_順位,令和6年_最低指数,令和6年_状況,令和7年(2025)実績,令和7年_順位,令和7年_最低指数,令和7年_状況,令和8年(2026)実績,令和8年_順位,令和8年_最低指数,令和8年_状況,0歳児合同募集備考
1,licensed-1,桜川保育園,区立認可,京橋,0歳児(57日),C 40点,C,40点,内定あり,D 40点,D,40点,内定あり,F 40点,F,40点,内定あり,F 40点,F,40点,内定あり,E 40点,E,40点,内定あり,
1,licensed-1,桜川保育園,区立認可,京橋,0歳児(7か月),C 41点,C,41点,内定あり,A 43点以上,A,43点以上,内定あり,C 40点,C,40点,内定あり,C 40点,C,40点,内定あり,B 41点,B,41点,内定あり,
1,licensed-1,桜川保育園,区立認可,京橋,1歳児,E 40点,E,40点,内定あり,E 40点,E,40点,内定あり,E 40点,E,40点,内定あり,F 40点,F,40点,内定あり,I 40点,I,40点,内定あり,
1,licensed-1,桜川保育園,区立認可,京橋,2歳児,A 42点,A,42点,内定あり,A 43点以上,A,43点以上,内定あり,B 40点,B,40点,内定あり,A 43点以上,A,43点以上,内定あり,B 40点,B,40点,内定あり,
1,licensed-1,桜川保育園,区立認可,京橋,3歳児,-,,,定員達し(募集なし),A 41点,A,41点,内定あり,空,,,空きあり,C 39点,C,39点,内定あり,空,,,空きあり,
1,licensed-1,桜川保育園,区立認可,京橋,4歳児,-,,,定員達し(募集なし),A 38点以下,A,38点以下,内定あり,-,,,定員達し(募集なし),空,,,空きあり,-,,,定員達し(募集なし),
1,licensed-1,桜川保育園,区立認可,京橋,5歳児,-,,,定員達し(募集なし),空,,,空きあり,-,,,定員達し(募集なし),-,,,定員達し(募集なし),空,,,空きあり,
2,licensed-2,明石町保育園,区立認可,京橋,0歳児(57日),-,,,定員達し(募集なし),／,,,受入なし(対象外),／,,,受入なし(対象外),／,,,受入なし(対象外),／,,,受入なし(対象外),
2,licensed-2,明石町保育園,区立認可,京橋,0歳児(7か月),D 40点,D,40点,内定あり,E 40点,E,40点,内定あり,E 40点,E,40点,内定あり,H 40点,H,40点,内定あり,H 40点,H,40点,内定あり,
2,licensed-2,明石町保育園,区立認可,京橋,1歳児,F 40点,F,40点,内定あり,E 40点,E,40点,内定あり,G 40点,G,40点,内定あり,F 40点,F,40点,内定あり,J 40点,J,40点,内定あり,
2,licensed-2,明石町保育園,区立認可,京橋,2歳児,B 40点,B,40点,内定あり,空,,,空きあり,C 40点,C,40点,内定あり,D 38点以下,D,38点以下,内定あり,C 40点,C,40点,内定あり,
2,licensed-2,明石町保育園,区立認可,京橋,3歳児,A 41点,A,41点,内定あり,A 41点,A,41点,内定あり,D 38点以下,D,38点以下,内定あり,B 40点,B,40点,内定あり,C 40点,C,40点,内定あり,
2,licensed-2,明石町保育園,区立認可,京橋,4歳児,-,,,定員達し(募集なし),-,,,定員達し(募集なし),-,,,定員達し(募集なし),空,,,空きあり,A 41点,A,41点,内定あり,
2,licensed-2,明石町保育園,区立認可,京橋,5歳児,-,,,定員達し(募集なし),空,,,空きあり,-,,,定員達し(募集なし),空,,,空きあり,-,,,定員達し(募集なし),
3,licensed-3,築地保育園,区立認可,京橋,0歳児(57日),-,,,定員達し(募集なし),／,,,受入なし(対象外),／,,,受入なし(対象外),／,,,受入なし(対象外),／,,,受入なし(対象外),
3,licensed-3,築地保育園,区立認可,京橋,0歳児(7か月),I 38点以下,I,38点以下,内定あり,空,,,空きあり,空,,,空きあり,空,,,空きあり,空,,,空きあり,
3,licensed-3,築地保育園,区立認可,京橋,1歳児,M 38点以下,M,38点以下,内定あり,L 40点,L,40点,内定あり,空,,,空きあり,空,,,空きあり,空,,,空きあり,
3,licensed-3,築地保育園,区立認可,京橋,2歳児,D 38点以下,D,38点以下,内定あり,空,,,空きあり,空,,,空きあり,空,,,空きあり,B 40点,B,40点,内定あり,
3,licensed-3,築地保育園,区立認可,京橋,3歳児,A 43点以上,A,43点以上,内定あり,空,,,空きあり,空,,,空きあり,空,,,空きあり,空,,,空きあり,
3,licensed-3,築地保育園,区立認可,京橋,4歳児,A 43点以上,A,43点以上,内定あり,空,,,空きあり,空,,,空きあり,空,,,空きあり,空,,,空きあり,
3,licensed-3,築地保育園,区立認可,京橋,5歳児,-,,,定員達し(募集なし),空,,,空きあり,空,,,空きあり,空,,,空きあり,空,,,空きあり,
4,licensed-4,八丁堀保育園,区立認可,京橋,0歳児(57日),E 40点,E,40点,内定あり,E 40点,E,40点,内定あり,E 40点,E,40点,内定あり,E 40点,E,40点,内定あり,E 40点,E,40点,内定あり,
4,licensed-4,八丁堀保育園,区立認可,京橋,0歳児(7か月),C 40点,C,40点,内定あり,B 41点,B,41点,内定あり,B 43点以上,B,43点以上,内定あり,A 43点以上,A,43点以上,内定あり,E 40点,E,40点,内定あり,
4,licensed-4,八丁堀保育園,区立認可,京橋,1歳児,F 40点,F,40点,内定あり,B 43点以上,B,43点以上,内定あり,H 40点,H,40点,内定あり,H 40点,H,40点,内定あり,H 40点,H,40点,内定あり,
4,licensed-4,八丁堀保育園,区立認可,京橋,2歳児,D 38点以下,D,38点以下,内定あり,空,,,空きあり,C 40点,C,40点,内定あり,空,,,空きあり,D 38点以下,D,38点以下,内定あり,
4,licensed-4,八丁堀保育園,区立認可,京橋,3歳児,-,,,定員達し(募集なし),空,,,空きあり,空,,,空きあり,-,,,定員達し(募集なし),-,,,定員達し(募集なし),
4,licensed-4,八丁堀保育園,区立認可,京橋,4歳児,A 40点,A,40点,内定あり,空,,,空きあり,空,,,空きあり,空,,,空きあり,A 38点以下,A,38点以下,内定あり,
4,licensed-4,八丁堀保育園,区立認可,京橋,5歳児,-,,,定員達し(募集なし),A 41点,A,41点,内定あり,空,,,空きあり,空,,,空きあり,空,,,空きあり,
5,licensed-5,まなびの森保育園銀座,私立認可,京橋,0歳児(57日),F 40点,F,40点,内定あり,E 40点,E,40点,内定あり,空,,,空きあり,F 40点,F,40点,内定あり,E 40点,E,40点,内定あり,"2025,2026年は57日・7か月合同募集枠"
5,licensed-5,まなびの森保育園銀座,私立認可,京橋,0歳児(7か月),B 43点以上,B,43点以上,内定あり,C 40点,C,40点,内定あり,C 40点,C,40点,内定あり,F 40点,F,40点,内定あり,E 40点,E,40点,内定あり,"2025,2026年は57日・7か月合同募集枠"
5,licensed-5,まなびの森保育園銀座,私立認可,京橋,1歳児,L 40点,L,40点,内定あり,G 40点,G,40点,内定あり,J 40点,J,40点,内定あり,I 40点,I,40点,内定あり,K 40点,K,40点,内定あり,
5,licensed-5,まなびの森保育園銀座,私立認可,京橋,2歳児,-,,,定員達し(募集なし),-,,,定員達し(募集なし),-,,,定員達し(募集なし),-,,,定員達し(募集なし),B 40点,B,40点,内定あり,
5,licensed-5,まなびの森保育園銀座,私立認可,京橋,3歳児,-,,,定員達し(募集なし),空,,,空きあり,-,,,定員達し(募集なし),A 43点以上,A,43点以上,内定あり,B 40点,B,40点,内定あり,
5,licensed-5,まなびの森保育園銀座,私立認可,京橋,4歳児,-,,,定員達し(募集なし),-,,,定員達し(募集なし),空,,,空きあり,空,,,空きあり,-,,,定員達し(募集なし),
5,licensed-5,まなびの森保育園銀座,私立認可,京橋,5歳児,-,,,定員達し(募集なし),-,,,定員達し(募集なし),空,,,空きあり,空,,,空きあり,-,,,定員達し(募集なし),
6,licensed-6,ブライト保育園東京入船,私立認可,京橋,0歳児(57日),-,,,定員達し(募集なし),／,,,受入なし(対象外),／,,,受入なし(対象外),／,,,受入なし(対象外),／,,,受入なし(対象外),
6,licensed-6,ブライト保育園東京入船,私立認可,京橋,0歳児(7か月),-,,,定員達し(募集なし),／,,,受入なし(対象外),／,,,受入なし(対象外),／,,,受入なし(対象外),／,,,受入なし(対象外),
6,licensed-6,ブライト保育園東京入船,私立認可,京橋,1歳児,M 38点以下,M,38点以下,内定あり,K 40点,K,40点,内定あり,L 40点,L,40点,内定あり,O 38点以下,O,38点以下,内定あり,空,,,空きあり,
6,licensed-6,ブライト保育園東京入船,私立認可,京橋,2歳児,B 40点,B,40点,内定あり,空,,,空きあり,-,,,定員達し(募集なし),-,,,定員達し(募集なし),-,,,定員達し(募集なし),
6,licensed-6,ブライト保育園東京入船,私立認可,京橋,3歳児,A 43点以上,A,43点以上,内定あり,空,,,空きあり,空,,,空きあり,空,,,空きあり,空,,,空きあり,
6,licensed-6,ブライト保育園東京入船,私立認可,京橋,4歳児,-,,,定員達し(募集なし),空,,,空きあり,空,,,空きあり,空,,,空きあり,空,,,空きあり,
6,licensed-6,ブライト保育園東京入船,私立認可,京橋,5歳児,-,,,定員達し(募集なし),空,,,空きあり,空,,,空きあり,空,,,空きあり,空,,,空きあり,
7,licensed-7,TKチルドレンズファーム 湊校,私立認可,京橋,0歳児(57日),-,,,定員達し(募集なし),／,,,受入なし(対象外),／,,,受入なし(対象外),／,,,受入なし(対象外),／,,,受入なし(対象外),
7,licensed-7,TKチルドレンズファーム 湊校,私立認可,京橋,0歳児(7か月),D 40点,D,40点,内定あり,F 40点,F,40点,内定あり,E 40点,E,40点,内定あり,G 40点,G,40点,内定あり,F 40点,F,40点,内定あり,
7,licensed-7,TKチルドレンズファーム 湊校,私立認可,京橋,1歳児,L 40点,L,40点,内定あり,F 40点,F,40点,内定あり,B 43点以上,B,43点以上,内定あり,O 38点以下,O,38点以下,内定あり,I 40点,I,40点,内定あり,
7,licensed-7,TKチルドレンズファーム 湊校,私立認可,京橋,2歳児,A 41点,A,41点,内定あり,空,,,空きあり,-,,,定員達し(募集なし),-,,,定員達し(募集なし),A 43点以上,A,43点以上,内定あり,
7,licensed-7,TKチルドレンズファーム 湊校,私立認可,京橋,3歳児,-,,,定員達し(募集なし),-,,,定員達し(募集なし),空,,,空きあり,A 42点,A,42点,内定あり,D 38点以下,D,38点以下,内定あり,
7,licensed-7,TKチルドレンズファーム 湊校,私立認可,京橋,4歳児,-,,,定員達し(募集なし),A 40点,A,40点,内定あり,-,,,定員達し(募集なし),空,,,空きあり,A 41点,A,41点,内定あり,
7,licensed-7,TKチルドレンズファーム 湊校,私立認可,京橋,5歳児,-,,,定員達し(募集なし),空,,,空きあり,空,,,空きあり,-,,,定員達し(募集なし),空,,,空きあり,
8,licensed-8,ぽけっとランド明石町保育園,私立認可,京橋,0歳児(57日),-,,,定員達し(募集なし),／,,,受入なし(対象外),／,,,受入なし(対象外),／,,,受入なし(対象外),／,,,受入なし(対象外),
8,licensed-8,ぽけっとランド明石町保育園,私立認可,京橋,0歳児(7か月),-,,,定員達し(募集なし),／,,,受入なし(対象外),／,,,受入なし(対象外),／,,,受入なし(対象外),／,,,受入なし(対象外),
8,licensed-8,ぽけっとランド明石町保育園,私立認可,京橋,1歳児,M 38点以下,M,38点以下,内定あり,J 40点,J,40点,内定あり,J 40点,J,40点,内定あり,K 40点,K,40点,内定あり,L 40点,L,40点,内定あり,
8,licensed-8,ぽけっとランド明石町保育園,私立認可,京橋,2歳児,C 38点以下,C,38点以下,内定あり,空,,,空きあり,A 42点,A,42点,内定あり,B 41点,B,41点,内定あり,B 40点,B,40点,内定あり,
8,licensed-8,ぽけっとランド明石町保育園,私立認可,京橋,3歳児,A 43点以上,A,43点以上,内定あり,A 43点以上,A,43点以上,内定あり,-,,,定員達し(募集なし),B 41点,B,41点,内定あり,-,,,定員達し(募集なし),
8,licensed-8,ぽけっとランド明石町保育園,私立認可,京橋,4歳児,A 41点,A,41点,内定あり,-,,,定員達し(募集なし),空,,,空きあり,空,,,空きあり,空,,,空きあり,
8,licensed-8,ぽけっとランド明石町保育園,私立認可,京橋,5歳児,-,,,定員達し(募集なし),空,,,空きあり,空,,,空きあり,空,,,空きあり,空,,,空きあり,
9,licensed-9,さくらさくみらい新富町,私立認可,京橋,0歳児(57日),未開園,,,未開園,／,,,受入なし(対象外),／,,,受入なし(対象外),／,,,受入なし(対象外),／,,,受入なし(対象外),
9,licensed-9,さくらさくみらい新富町,私立認可,京橋,0歳児(7か月),未開園,,,未開園,／,,,受入なし(対象外),／,,,受入なし(対象外),／,,,受入なし(対象外),／,,,受入なし(対象外),
9,licensed-9,さくらさくみらい新富町,私立認可,京橋,1歳児,未開園,,,未開園,L 38点以下,L,38点以下,内定あり,K 40点,K,40点,内定あり,O 38点以下,O,38点以下,内定あり,空,,,空きあり,
9,licensed-9,さくらさくみらい新富町,私立認可,京橋,2歳児,未開園,,,未開園,空,,,空きあり,-,,,定員達し(募集なし),D 38点以下,D,38点以下,内定あり,A 43点以上,A,43点以上,内定あり,
9,licensed-9,さくらさくみらい新富町,私立認可,京橋,3歳児,未開園,,,未開園,空,,,空きあり,空,,,空きあり,-,,,定員達し(募集なし),空,,,空きあり,
9,licensed-9,さくらさくみらい新富町,私立認可,京橋,4歳児,未開園,,,未開園,空,,,空きあり,空,,,空きあり,空,,,空きあり,空,,,空きあり,
9,licensed-9,さくらさくみらい新富町,私立認可,京橋,5歳児,未開園,,,未開園,空,,,空きあり,空,,,空きあり,空,,,空きあり,空,,,空きあり,
10,licensed-10,さくらさくみらい築地,私立認可,京橋,0歳児(57日),-,,,定員達し(募集なし),／,,,受入なし(対象外),／,,,受入なし(対象外),／,,,受入なし(対象外),／,,,受入なし(対象外),
10,licensed-10,さくらさくみらい築地,私立認可,京橋,0歳児(7か月),-,,,定員達し(募集なし),／,,,受入なし(対象外),／,,,受入なし(対象外),／,,,受入なし(対象外),／,,,受入なし(対象外),
10,licensed-10,さくらさくみらい築地,私立認可,京橋,1歳児,K 40点,K,40点,内定あり,K 40点,K,40点,内定あり,C 43点以上,C,43点以上,内定あり,空,,,空きあり,空,,,空きあり,
10,licensed-10,さくらさくみらい築地,私立認可,京橋,2歳児,D 38点以下,D,38点以下,内定あり,空,,,空きあり,空,,,空きあり,空,,,空きあり,D 38点以下,D,38点以下,内定あり,
10,licensed-10,さくらさくみらい築地,私立認可,京橋,3歳児,C 38点以下,C,38点以下,内定あり,空,,,空きあり,空,,,空きあり,C 40点,C,40点,内定あり,空,,,空きあり,
10,licensed-10,さくらさくみらい築地,私立認可,京橋,4歳児,A 43点以上,A,43点以上,内定あり,空,,,空きあり,空,,,空きあり,空,,,空きあり,空,,,空きあり,
10,licensed-10,さくらさくみらい築地,私立認可,京橋,5歳児,-,,,定員達し(募集なし),空,,,空きあり,-,,,定員達し(募集なし),空,,,空きあり,空,,,空きあり,
11,licensed-11,太陽の子新川保育園,私立認可,京橋,0歳児(57日),-,,,定員達し(募集なし),／,,,受入なし(対象外),／,,,受入なし(対象外),／,,,受入なし(対象外),空,,,空きあり,2026年は57日・7か月合同募集枠
11,licensed-11,太陽の子新川保育園,私立認可,京橋,0歳児(7か月),-,,,定員達し(募集なし),／,,,受入なし(対象外),／,,,受入なし(対象外),／,,,受入なし(対象外),空,,,空きあり,2026年は57日・7か月合同募集枠
11,licensed-11,太陽の子新川保育園,私立認可,京橋,1歳児,M 38点以下,M,38点以下,内定あり,空,,,空きあり,空,,,空きあり,空,,,空きあり,P 38点以下,P,38点以下,内定あり,
11,licensed-11,太陽の子新川保育園,私立認可,京橋,2歳児,-,,,定員達し(募集なし),空,,,空きあり,空,,,空きあり,空,,,空きあり,B 40点,B,40点,内定あり,
11,licensed-11,太陽の子新川保育園,私立認可,京橋,3歳児,-,,,定員達し(募集なし),A 43点以上,A,43点以上,内定あり,空,,,空きあり,空,,,空きあり,-,,,定員達し(募集なし),
11,licensed-11,太陽の子新川保育園,私立認可,京橋,4歳児,-,,,定員達し(募集なし),空,,,空きあり,空,,,空きあり,空,,,空きあり,-,,,定員達し(募集なし),
11,licensed-11,太陽の子新川保育園,私立認可,京橋,5歳児,-,,,定員達し(募集なし),空,,,空きあり,空,,,空きあり,-,,,定員達し(募集なし),空,,,空きあり,
12,licensed-12,アイグラン保育園新川,私立認可,京橋,0歳児(57日),-,,,定員達し(募集なし),／,,,受入なし(対象外),H 38点以下,H,38点以下,内定あり,空,,,空きあり,I 39点,I,39点,内定あり,"2024,2025,2026年は57日・7か月合同募集枠"
12,licensed-12,アイグラン保育園新川,私立認可,京橋,0歳児(7か月),H 40点,H,40点,内定あり,空,,,空きあり,H 38点以下,H,38点以下,内定あり,空,,,空きあり,I 39点,I,39点,内定あり,"2024,2025,2026年は57日・7か月合同募集枠"
12,licensed-12,アイグラン保育園新川,私立認可,京橋,1歳児,K 40点,K,40点,内定あり,空,,,空きあり,空,,,空きあり,空,,,空きあり,M 40点,M,40点,内定あり,
12,licensed-12,アイグラン保育園新川,私立認可,京橋,2歳児,-,,,定員達し(募集なし),空,,,空きあり,E 38点以下,E,38点以下,内定あり,空,,,空きあり,空,,,空きあり,
12,licensed-12,アイグラン保育園新川,私立認可,京橋,3歳児,-,,,定員達し(募集なし),空,,,空きあり,空,,,空きあり,空,,,空きあり,空,,,空きあり,
12,licensed-12,アイグラン保育園新川,私立認可,京橋,4歳児,B 38点以下,B,38点以下,内定あり,空,,,空きあり,空,,,空きあり,空,,,空きあり,空,,,空きあり,
12,licensed-12,アイグラン保育園新川,私立認可,京橋,5歳児,-,,,定員達し(募集なし),空,,,空きあり,空,,,空きあり,空,,,空きあり,-,,,定員達し(募集なし),
13,licensed-13,ミアヘルサ保育園ひびき八丁堀,私立認可,京橋,0歳児(57日),E 40点,E,40点,内定あり,F 40点,F,40点,内定あり,空,,,空きあり,H 40点,H,40点,内定あり,H 40点,H,40点,内定あり,
13,licensed-13,ミアヘルサ保育園ひびき八丁堀,私立認可,京橋,0歳児(7か月),G 40点,G,40点,内定あり,G 38点以下,G,38点以下,内定あり,E 40点,E,40点,内定あり,I 38点以下,I,38点以下,内定あり,G 40点,G,40点,内定あり,
13,licensed-13,ミアヘルサ保育園ひびき八丁堀,私立認可,京橋,1歳児,M 38点以下,M,38点以下,内定あり,空,,,空きあり,O 38点以下,O,38点以下,内定あり,空,,,空きあり,空,,,空きあり,
13,licensed-13,ミアヘルサ保育園ひびき八丁堀,私立認可,京橋,2歳児,B 41点,B,41点,内定あり,B 40点,B,40点,内定あり,C 40点,C,40点,内定あり,空,,,空きあり,空,,,空きあり,
13,licensed-13,ミアヘルサ保育園ひびき八丁堀,私立認可,京橋,3歳児,-,,,定員達し(募集なし),空,,,空きあり,空,,,空きあり,空,,,空きあり,空,,,空きあり,
13,licensed-13,ミアヘルサ保育園ひびき八丁堀,私立認可,京橋,4歳児,-,,,定員達し(募集なし),空,,,空きあり,空,,,空きあり,空,,,空きあり,空,,,空きあり,
13,licensed-13,ミアヘルサ保育園ひびき八丁堀,私立認可,京橋,5歳児,-,,,定員達し(募集なし),-,,,定員達し(募集なし),空,,,空きあり,空,,,空きあり,空,,,空きあり,
14,licensed-14,京橋こども園,こども園,京橋,0歳児(57日),-,,,定員達し(募集なし),／,,,受入なし(対象外),／,,,受入なし(対象外),／,,,受入なし(対象外),／,,,受入なし(対象外),
14,licensed-14,京橋こども園,こども園,京橋,0歳児(7か月),F 40点,F,40点,内定あり,E 40点,E,40点,内定あり,F 40点,F,40点,内定あり,H 38点以下,H,38点以下,内定あり,J 38点以下,J,38点以下,内定あり,
14,licensed-14,京橋こども園,こども園,京橋,1歳児,E 41点,E,41点,内定あり,B 43点以上,B,43点以上,内定あり,J 40点,J,40点,内定あり,K 40点,K,40点,内定あり,F 40点,F,40点,内定あり,
14,licensed-14,京橋こども園,こども園,京橋,2歳児,C 40点,C,40点,内定あり,B 40点,B,40点,内定あり,B 40点,B,40点,内定あり,B 40点,B,40点,内定あり,A 43点以上,A,43点以上,内定あり,
14,licensed-14,京橋こども園,こども園,京橋,3歳児,A 41点,A,41点,内定あり,-,,,定員達し(募集なし),-,,,定員達し(募集なし),-,,,定員達し(募集なし),-,,,定員達し(募集なし),
14,licensed-14,京橋こども園,こども園,京橋,4歳児,-,,,定員達し(募集なし),-,,,定員達し(募集なし),空,,,空きあり,-,,,定員達し(募集なし),A 41点,A,41点,内定あり,
14,licensed-14,京橋こども園,こども園,京橋,5歳児,-,,,定員達し(募集なし),-,,,定員達し(募集なし),空,,,空きあり,-,,,定員達し(募集なし),空,,,空きあり,
15,licensed-15,昭和こども園,こども園,京橋,0歳児(57日),未開園,,,未開園,／,,,受入なし(対象外),／,,,受入なし(対象外),／,,,受入なし(対象外),／,,,受入なし(対象外),
15,licensed-15,昭和こども園,こども園,京橋,0歳児(7か月),未開園,,,未開園,／,,,受入なし(対象外),／,,,受入なし(対象外),／,,,受入なし(対象外),／,,,受入なし(対象外),
15,licensed-15,昭和こども園,こども園,京橋,1歳児,未開園,,,未開園,H 40点,H,40点,内定あり,K 40点,K,40点,内定あり,K 40点,K,40点,内定あり,L 40点,L,40点,内定あり,
15,licensed-15,昭和こども園,こども園,京橋,2歳児,未開園,,,未開園,空,,,空きあり,A 41点,A,41点,内定あり,-,,,定員達し(募集なし),A 43点以上,A,43点以上,内定あり,
15,licensed-15,昭和こども園,こども園,京橋,3歳児,未開園,,,未開園,空,,,空きあり,空,,,空きあり,空,,,空きあり,A 42点,A,42点,内定あり,
15,licensed-15,昭和こども園,こども園,京橋,4歳児,未開園,,,未開園,空,,,空きあり,B 40点,B,40点,内定あり,空,,,空きあり,-,,,定員達し(募集なし),
15,licensed-15,昭和こども園,こども園,京橋,5歳児,未開園,,,未開園,空,,,空きあり,空,,,空きあり,空,,,空きあり,空,,,空きあり,
16,licensed-18,十思保育園,区立認可,日本橋,0歳児(57日),-,,,定員達し(募集なし),／,,,受入なし(対象外),／,,,受入なし(対象外),／,,,受入なし(対象外),／,,,受入なし(対象外),
16,licensed-18,十思保育園,区立認可,日本橋,0歳児(7か月),D 40点,D,40点,内定あり,E 40点,E,40点,内定あり,C 40点,C,40点,内定あり,C 40点,C,40点,内定あり,D 40点,D,40点,内定あり,
16,licensed-18,十思保育園,区立認可,日本橋,1歳児,A 43点以上,A,43点以上,内定あり,A 43点以上,A,43点以上,内定あり,B 43点以上,B,43点以上,内定あり,A 43点以上,A,43点以上,内定あり,A 43点以上,A,43点以上,内定あり,
16,licensed-18,十思保育園,区立認可,日本橋,2歳児,A 43点以上,A,43点以上,内定あり,A 43点以上,A,43点以上,内定あり,A 43点以上,A,43点以上,内定あり,A 43点以上,A,43点以上,内定あり,A 41点,A,41点,内定あり,
16,licensed-18,十思保育園,区立認可,日本橋,3歳児,A 43点以上,A,43点以上,内定あり,A 43点以上,A,43点以上,内定あり,A 43点以上,A,43点以上,内定あり,A 43点以上,A,43点以上,内定あり,A 43点以上,A,43点以上,内定あり,
16,licensed-18,十思保育園,区立認可,日本橋,4歳児,-,,,定員達し(募集なし),-,,,定員達し(募集なし),-,,,定員達し(募集なし),-,,,定員達し(募集なし),-,,,定員達し(募集なし),
16,licensed-18,十思保育園,区立認可,日本橋,5歳児,-,,,定員達し(募集なし),-,,,定員達し(募集なし),-,,,定員達し(募集なし),-,,,定員達し(募集なし),-,,,定員達し(募集なし),
17,licensed-19,堀留町保育園,区立認可,日本橋,0歳児(57日),-,,,定員達し(募集なし),／,,,受入なし(対象外),／,,,受入なし(対象外),／,,,受入なし(対象外),／,,,受入なし(対象外),
17,licensed-19,堀留町保育園,区立認可,日本橋,0歳児(7か月),F 40点,F,40点,内定あり,E 40点,E,40点,内定あり,F 40点,F,40点,内定あり,E 40点,E,40点,内定あり,E 40点,E,40点,内定あり,
17,licensed-19,堀留町保育園,区立認可,日本橋,1歳児,D 43点以上,D,43点以上,内定あり,C 43点以上,C,43点以上,内定あり,B 43点以上,B,43点以上,内定あり,E 41点,E,41点,内定あり,F 40点,F,40点,内定あり,
17,licensed-19,堀留町保育園,区立認可,日本橋,2歳児,-,,,定員達し(募集なし),-,,,定員達し(募集なし),-,,,定員達し(募集なし),-,,,定員達し(募集なし),A 43点以上,A,43点以上,内定あり,
17,licensed-19,堀留町保育園,区立認可,日本橋,3歳児,B 40点,B,40点,内定あり,B 38点以下,B,38点以下,内定あり,A 42点,A,42点,内定あり,C 40点,C,40点,内定あり,空,,,空きあり,
17,licensed-19,堀留町保育園,区立認可,日本橋,4歳児,-,,,定員達し(募集なし),空,,,空きあり,-,,,定員達し(募集なし),-,,,定員達し(募集なし),-,,,定員達し(募集なし),
17,licensed-19,堀留町保育園,区立認可,日本橋,5歳児,-,,,定員達し(募集なし),-,,,定員達し(募集なし),-,,,定員達し(募集なし),A 43点以上,A,43点以上,内定あり,-,,,定員達し(募集なし),
18,licensed-20,人形町保育園,区立認可,日本橋,0歳児(57日),-,,,定員達し(募集なし),／,,,受入なし(対象外),／,,,受入なし(対象外),／,,,受入なし(対象外),／,,,受入なし(対象外),
18,licensed-20,人形町保育園,区立認可,日本橋,0歳児(7か月),G 40点,G,40点,内定あり,空,,,空きあり,空,,,空きあり,空,,,空きあり,E 40点,E,40点,内定あり,
18,licensed-20,人形町保育園,区立認可,日本橋,1歳児,C 43点以上,C,43点以上,内定あり,B 43点以上,B,43点以上,内定あり,H 40点,H,40点,内定あり,G 40点,G,40点,内定あり,D 43点以上,D,43点以上,内定あり,
18,licensed-20,人形町保育園,区立認可,日本橋,2歳児,B 40点,B,40点,内定あり,空,,,空きあり,F 38点以下,F,38点以下,内定あり,C 40点,C,40点,内定あり,C 39点,C,39点,内定あり,
18,licensed-20,人形町保育園,区立認可,日本橋,3歳児,B 41点,B,41点,内定あり,空,,,空きあり,空,,,空きあり,空,,,空きあり,空,,,空きあり,
18,licensed-20,人形町保育園,区立認可,日本橋,4歳児,A 41点,A,41点,内定あり,空,,,空きあり,空,,,空きあり,B 38点以下,B,38点以下,内定あり,空,,,空きあり,
18,licensed-20,人形町保育園,区立認可,日本橋,5歳児,-,,,定員達し(募集なし),空,,,空きあり,空,,,空きあり,空,,,空きあり,空,,,空きあり,
19,licensed-21,日本橋保育園,区立認可,日本橋,0歳児(57日),-,,,定員達し(募集なし),／,,,受入なし(対象外),／,,,受入なし(対象外),／,,,受入なし(対象外),／,,,受入なし(対象外),
19,licensed-21,日本橋保育園,区立認可,日本橋,0歳児(7か月),G 40点,G,40点,内定あり,F 40点,F,40点,内定あり,空,,,空きあり,F 40点,F,40点,内定あり,F 40点,F,40点,内定あり,
19,licensed-21,日本橋保育園,区立認可,日本橋,1歳児,D 42点,D,42点,内定あり,G 40点,G,40点,内定あり,J 40点,J,40点,内定あり,J 40点,J,40点,内定あり,I 40点,I,40点,内定あり,
19,licensed-21,日本橋保育園,区立認可,日本橋,2歳児,C 38点以下,C,38点以下,内定あり,空,,,空きあり,F 38点以下,F,38点以下,内定あり,空,,,空きあり,空,,,空きあり,
19,licensed-21,日本橋保育園,区立認可,日本橋,3歳児,-,,,定員達し(募集なし),-,,,定員達し(募集なし),空,,,空きあり,A 43点以上,A,43点以上,内定あり,空,,,空きあり,
19,licensed-21,日本橋保育園,区立認可,日本橋,4歳児,-,,,定員達し(募集なし),空,,,空きあり,-,,,定員達し(募集なし),空,,,空きあり,空,,,空きあり,
19,licensed-21,日本橋保育園,区立認可,日本橋,5歳児,-,,,定員達し(募集なし),空,,,空きあり,B 38点以下,B,38点以下,内定あり,空,,,空きあり,空,,,空きあり,
20,licensed-22,浜町保育園,区立認可,日本橋,0歳児(57日),E 40点,E,40点,内定あり,C 40点,C,40点,内定あり,空,,,空きあり,空,,,空きあり,H 40点,H,40点,内定あり,
20,licensed-22,浜町保育園,区立認可,日本橋,0歳児(7か月),E 40点,E,40点,内定あり,F 40点,F,40点,内定あり,G 40点,G,40点,内定あり,D 40点,D,40点,内定あり,E 40点,E,40点,内定あり,
20,licensed-22,浜町保育園,区立認可,日本橋,1歳児,F 40点,F,40点,内定あり,E 40点,E,40点,内定あり,H 40点,H,40点,内定あり,J 40点,J,40点,内定あり,C 43点以上,C,43点以上,内定あり,
20,licensed-22,浜町保育園,区立認可,日本橋,2歳児,B 40点,B,40点,内定あり,B 40点,B,40点,内定あり,C 40点,C,40点,内定あり,空,,,空きあり,C 39点,C,39点,内定あり,
20,licensed-22,浜町保育園,区立認可,日本橋,3歳児,B 41点,B,41点,内定あり,A 43点以上,A,43点以上,内定あり,C 40点,C,40点,内定あり,A 42点,A,42点,内定あり,空,,,空きあり,
20,licensed-22,浜町保育園,区立認可,日本橋,4歳児,-,,,定員達し(募集なし),-,,,定員達し(募集なし),空,,,空きあり,-,,,定員達し(募集なし),-,,,定員達し(募集なし),
20,licensed-22,浜町保育園,区立認可,日本橋,5歳児,-,,,定員達し(募集なし),-,,,定員達し(募集なし),-,,,定員達し(募集なし),空,,,空きあり,空,,,空きあり,
21,licensed-23,にじいろ保育園小伝馬町,私立認可,日本橋,0歳児(57日),C 40点,C,40点,内定あり,C 40点,C,40点,内定あり,C 40点,C,40点,内定あり,D 40点,D,40点,内定あり,B 40点,B,40点,内定あり,
21,licensed-23,にじいろ保育園小伝馬町,私立認可,日本橋,0歳児(7か月),F 40点,F,40点,内定あり,G 40点,G,40点,内定あり,H 38点以下,H,38点以下,内定あり,F 40点,F,40点,内定あり,G 40点,G,40点,内定あり,
21,licensed-23,にじいろ保育園小伝馬町,私立認可,日本橋,1歳児,I 40点,I,40点,内定あり,G 40点,G,40点,内定あり,L 40点,L,40点,内定あり,K 40点,K,40点,内定あり,H 40点,H,40点,内定あり,
21,licensed-23,にじいろ保育園小伝馬町,私立認可,日本橋,2歳児,A 41点,A,41点,内定あり,空,,,空きあり,C 40点,C,40点,内定あり,空,,,空きあり,D 38点以下,D,38点以下,内定あり,
21,licensed-23,にじいろ保育園小伝馬町,私立認可,日本橋,3歳児,B 38点以下,B,38点以下,内定あり,空,,,空きあり,空,,,空きあり,空,,,空きあり,空,,,空きあり,
21,licensed-23,にじいろ保育園小伝馬町,私立認可,日本橋,4歳児,-,,,定員達し(募集なし),空,,,空きあり,空,,,空きあり,空,,,空きあり,空,,,空きあり,
21,licensed-23,にじいろ保育園小伝馬町,私立認可,日本橋,5歳児,-,,,定員達し(募集なし),空,,,空きあり,空,,,空きあり,空,,,空きあり,空,,,空きあり,
22,licensed-24,ほっぺるランド日本橋堀留町,私立認可,日本橋,0歳児(57日),-,,,定員達し(募集なし),／,,,受入なし(対象外),／,,,受入なし(対象外),／,,,受入なし(対象外),／,,,受入なし(対象外),
22,licensed-24,ほっぺるランド日本橋堀留町,私立認可,日本橋,0歳児(7か月),I 40点,I,40点,内定あり,空,,,空きあり,空,,,空きあり,空,,,空きあり,空,,,空きあり,
22,licensed-24,ほっぺるランド日本橋堀留町,私立認可,日本橋,1歳児,G 40点,G,40点,内定あり,B 43点以上,B,43点以上,内定あり,B 43点以上,B,43点以上,内定あり,G 40点,G,40点,内定あり,G 40点,G,40点,内定あり,
22,licensed-24,ほっぺるランド日本橋堀留町,私立認可,日本橋,2歳児,A 43点以上,A,43点以上,内定あり,A 41点,A,41点,内定あり,F 38点以下,F,38点以下,内定あり,空,,,空きあり,空,,,空きあり,
22,licensed-24,ほっぺるランド日本橋堀留町,私立認可,日本橋,3歳児,-,,,定員達し(募集なし),空,,,空きあり,-,,,定員達し(募集なし),空,,,空きあり,-,,,定員達し(募集なし),
22,licensed-24,ほっぺるランド日本橋堀留町,私立認可,日本橋,4歳児,-,,,定員達し(募集なし),空,,,空きあり,空,,,空きあり,空,,,空きあり,空,,,空きあり,
22,licensed-24,ほっぺるランド日本橋堀留町,私立認可,日本橋,5歳児,-,,,定員達し(募集なし),空,,,空きあり,空,,,空きあり,空,,,空きあり,空,,,空きあり,
23,licensed-25,さくらさくみらい人形町,私立認可,日本橋,0歳児(57日),C 40点,C,40点,内定あり,D 40点,D,40点,内定あり,E 40点,E,40点,内定あり,H 39点,H,39点,内定あり,I 40点,I,40点,内定あり,
23,licensed-25,さくらさくみらい人形町,私立認可,日本橋,0歳児(7か月),F 40点,F,40点,内定あり,F 40点,F,40点,内定あり,空,,,空きあり,H 38点以下,H,38点以下,内定あり,G 40点,G,40点,内定あり,
23,licensed-25,さくらさくみらい人形町,私立認可,日本橋,1歳児,K 40点,K,40点,内定あり,J 40点,J,40点,内定あり,空,,,空きあり,M 40点,M,40点,内定あり,L 40点,L,40点,内定あり,
23,licensed-25,さくらさくみらい人形町,私立認可,日本橋,2歳児,A 41点,A,41点,内定あり,空,,,空きあり,空,,,空きあり,空,,,空きあり,D 38点以下,D,38点以下,内定あり,
23,licensed-25,さくらさくみらい人形町,私立認可,日本橋,3歳児,-,,,定員達し(募集なし),-,,,定員達し(募集なし),空,,,空きあり,空,,,空きあり,空,,,空きあり,
23,licensed-25,さくらさくみらい人形町,私立認可,日本橋,4歳児,-,,,定員達し(募集なし),空,,,空きあり,-,,,定員達し(募集なし),空,,,空きあり,空,,,空きあり,
23,licensed-25,さくらさくみらい人形町,私立認可,日本橋,5歳児,-,,,定員達し(募集なし),空,,,空きあり,空,,,空きあり,-,,,定員達し(募集なし),空,,,空きあり,
24,licensed-26,まちのてらこや保育園,私立認可,日本橋,0歳児(57日),-,,,定員達し(募集なし),／,,,受入なし(対象外),／,,,受入なし(対象外),／,,,受入なし(対象外),／,,,受入なし(対象外),
24,licensed-26,まちのてらこや保育園,私立認可,日本橋,0歳児(7か月),-,,,定員達し(募集なし),／,,,受入なし(対象外),／,,,受入なし(対象外),／,,,受入なし(対象外),／,,,受入なし(対象外),
24,licensed-26,まちのてらこや保育園,私立認可,日本橋,1歳児,K 40点,K,40点,内定あり,H 40点,H,40点,内定あり,G 40点,G,40点,内定あり,L 40点,L,40点,内定あり,H 40点,H,40点,内定あり,
24,licensed-26,まちのてらこや保育園,私立認可,日本橋,2歳児,-,,,定員達し(募集なし),-,,,定員達し(募集なし),-,,,定員達し(募集なし),D 38点以下,D,38点以下,内定あり,-,,,定員達し(募集なし),
24,licensed-26,まちのてらこや保育園,私立認可,日本橋,3歳児,-,,,定員達し(募集なし),-,,,定員達し(募集なし),空,,,空きあり,-,,,定員達し(募集なし),空,,,空きあり,
24,licensed-26,まちのてらこや保育園,私立認可,日本橋,4歳児,-,,,定員達し(募集なし),空,,,空きあり,-,,,定員達し(募集なし),空,,,空きあり,空,,,空きあり,
24,licensed-26,まちのてらこや保育園,私立認可,日本橋,5歳児,-,,,定員達し(募集なし),-,,,定員達し(募集なし),空,,,空きあり,空,,,空きあり,-,,,定員達し(募集なし),
25,licensed-27,アイグラン保育園日本橋,私立認可,日本橋,0歳児(57日),-,,,定員達し(募集なし),／,,,受入なし(対象外),F 40点,F,40点,内定あり,G 40点,G,40点,内定あり,I 38点以下,I,38点以下,内定あり,"2024,2025,2026年は57日・7か月合同募集枠"
25,licensed-27,アイグラン保育園日本橋,私立認可,日本橋,0歳児(7か月),I 38点以下,I,38点以下,内定あり,空,,,空きあり,F 40点,F,40点,内定あり,G 40点,G,40点,内定あり,I 38点以下,I,38点以下,内定あり,"2024,2025,2026年は57日・7か月合同募集枠"
25,licensed-27,アイグラン保育園日本橋,私立認可,日本橋,1歳児,B 43点以上,B,43点以上,内定あり,A 43点以上,A,43点以上,内定あり,I 40点,I,40点,内定あり,C 43点以上,C,43点以上,内定あり,C 43点以上,C,43点以上,内定あり,
25,licensed-27,アイグラン保育園日本橋,私立認可,日本橋,2歳児,-,,,定員達し(募集なし),-,,,定員達し(募集なし),-,,,定員達し(募集なし),空,,,空きあり,A 41点,A,41点,内定あり,
25,licensed-27,アイグラン保育園日本橋,私立認可,日本橋,3歳児,-,,,定員達し(募集なし),空,,,空きあり,B 41点,B,41点,内定あり,-,,,定員達し(募集なし),-,,,定員達し(募集なし),
25,licensed-27,アイグラン保育園日本橋,私立認可,日本橋,4歳児,B 39点,B,39点,内定あり,A 39点,A,39点,内定あり,B 40点,B,40点,内定あり,空,,,空きあり,空,,,空きあり,
25,licensed-27,アイグラン保育園日本橋,私立認可,日本橋,5歳児,-,,,定員達し(募集なし),空,,,空きあり,空,,,空きあり,空,,,空きあり,空,,,空きあり,
26,licensed-28,かふう保育園日本橋,私立認可,日本橋,0歳児(57日),-,,,定員達し(募集なし),／,,,受入なし(対象外),／,,,受入なし(対象外),／,,,受入なし(対象外),E 40点,E,40点,内定あり,
26,licensed-28,かふう保育園日本橋,私立認可,日本橋,0歳児(7か月),H 40点,H,40点,内定あり,空,,,空きあり,空,,,空きあり,空,,,空きあり,空,,,空きあり,
26,licensed-28,かふう保育園日本橋,私立認可,日本橋,1歳児,K 40点,K,40点,内定あり,空,,,空きあり,空,,,空きあり,L 40点,L,40点,内定あり,N 40点,N,40点,内定あり,
26,licensed-28,かふう保育園日本橋,私立認可,日本橋,2歳児,C 39点,C,39点,内定あり,空,,,空きあり,空,,,空きあり,空,,,空きあり,空,,,空きあり,
26,licensed-28,かふう保育園日本橋,私立認可,日本橋,3歳児,B 40点,B,40点,内定あり,-,,,定員達し(募集なし),空,,,空きあり,空,,,空きあり,空,,,空きあり,
26,licensed-28,かふう保育園日本橋,私立認可,日本橋,4歳児,-,,,定員達し(募集なし),空,,,空きあり,空,,,空きあり,空,,,空きあり,空,,,空きあり,
26,licensed-28,かふう保育園日本橋,私立認可,日本橋,5歳児,-,,,定員達し(募集なし),空,,,空きあり,空,,,空きあり,空,,,空きあり,空,,,空きあり,
27,licensed-29,モニカ人形町園,私立認可,日本橋,0歳児(57日),-,,,定員達し(募集なし),／,,,受入なし(対象外),／,,,受入なし(対象外),／,,,受入なし(対象外),／,,,受入なし(対象外),
27,licensed-29,モニカ人形町園,私立認可,日本橋,0歳児(7か月),-,,,定員達し(募集なし),／,,,受入なし(対象外),／,,,受入なし(対象外),／,,,受入なし(対象外),／,,,受入なし(対象外),
27,licensed-29,モニカ人形町園,私立認可,日本橋,1歳児,K 40点,K,40点,内定あり,空,,,空きあり,空,,,空きあり,O 38点以下,O,38点以下,内定あり,P 38点以下,P,38点以下,内定あり,
27,licensed-29,モニカ人形町園,私立認可,日本橋,2歳児,-,,,定員達し(募集なし),-,,,定員達し(募集なし),-,,,定員達し(募集なし),D 38点以下,D,38点以下,内定あり,空,,,空きあり,
27,licensed-29,モニカ人形町園,私立認可,日本橋,3歳児,B 40点,B,40点,内定あり,空,,,空きあり,A 43点以上,A,43点以上,内定あり,空,,,空きあり,-,,,定員達し(募集なし),
27,licensed-29,モニカ人形町園,私立認可,日本橋,4歳児,-,,,定員達し(募集なし),空,,,空きあり,空,,,空きあり,空,,,空きあり,空,,,空きあり,
27,licensed-29,モニカ人形町園,私立認可,日本橋,5歳児,-,,,定員達し(募集なし),空,,,空きあり,空,,,空きあり,空,,,空きあり,空,,,空きあり,
28,licensed-30,グローバルキッズかきがら園,私立認可,日本橋,0歳児(57日),-,,,定員達し(募集なし),／,,,受入なし(対象外),／,,,受入なし(対象外),／,,,受入なし(対象外),／,,,受入なし(対象外),
28,licensed-30,グローバルキッズかきがら園,私立認可,日本橋,0歳児(7か月),-,,,定員達し(募集なし),／,,,受入なし(対象外),／,,,受入なし(対象外),／,,,受入なし(対象外),／,,,受入なし(対象外),
28,licensed-30,グローバルキッズかきがら園,私立認可,日本橋,1歳児,J 40点,J,40点,内定あり,空,,,空きあり,L 40点,L,40点,内定あり,O 38点以下,O,38点以下,内定あり,P 38点以下,P,38点以下,内定あり,
28,licensed-30,グローバルキッズかきがら園,私立認可,日本橋,2歳児,D 38点以下,D,38点以下,内定あり,-,,,定員達し(募集なし),-,,,定員達し(募集なし),-,,,定員達し(募集なし),-,,,定員達し(募集なし),
28,licensed-30,グローバルキッズかきがら園,私立認可,日本橋,3歳児,-,,,定員達し(募集なし),空,,,空きあり,空,,,空きあり,空,,,空きあり,空,,,空きあり,
28,licensed-30,グローバルキッズかきがら園,私立認可,日本橋,4歳児,-,,,定員達し(募集なし),空,,,空きあり,空,,,空きあり,-,,,定員達し(募集なし),空,,,空きあり,
28,licensed-30,グローバルキッズかきがら園,私立認可,日本橋,5歳児,-,,,定員達し(募集なし),空,,,空きあり,空,,,空きあり,空,,,空きあり,-,,,定員達し(募集なし),
29,licensed-31,アイグラン保育園水天宮,私立認可,日本橋,0歳児(57日),-,,,定員達し(募集なし),／,,,受入なし(対象外),F 40点,F,40点,内定あり,空,,,空きあり,F 40点,F,40点,内定あり,"2024,2025,2026年は57日・7か月合同募集枠"
29,licensed-31,アイグラン保育園水天宮,私立認可,日本橋,0歳児(7か月),H 40点,H,40点,内定あり,空,,,空きあり,F 40点,F,40点,内定あり,空,,,空きあり,F 40点,F,40点,内定あり,"2024,2025,2026年は57日・7か月合同募集枠"
29,licensed-31,アイグラン保育園水天宮,私立認可,日本橋,1歳児,H 40点,H,40点,内定あり,G 40点,G,40点,内定あり,K 40点,K,40点,内定あり,O 38点以下,O,38点以下,内定あり,N 40点,N,40点,内定あり,
29,licensed-31,アイグラン保育園水天宮,私立認可,日本橋,2歳児,-,,,定員達し(募集なし),空,,,空きあり,A 43点以上,A,43点以上,内定あり,空,,,空きあり,-,,,定員達し(募集なし),
29,licensed-31,アイグラン保育園水天宮,私立認可,日本橋,3歳児,A 43点以上,A,43点以上,内定あり,空,,,空きあり,C 40点,C,40点,内定あり,空,,,空きあり,A 41点,A,41点,内定あり,
29,licensed-31,アイグラン保育園水天宮,私立認可,日本橋,4歳児,A 41点,A,41点,内定あり,空,,,空きあり,空,,,空きあり,空,,,空きあり,空,,,空きあり,
29,licensed-31,アイグラン保育園水天宮,私立認可,日本橋,5歳児,-,,,定員達し(募集なし),空,,,空きあり,空,,,空きあり,空,,,空きあり,空,,,空きあり,
30,licensed-32,キッズラボ水天宮前園,私立認可,日本橋,0歳児(57日),-,,,定員達し(募集なし),／,,,受入なし(対象外),／,,,受入なし(対象外),／,,,受入なし(対象外),／,,,受入なし(対象外),
30,licensed-32,キッズラボ水天宮前園,私立認可,日本橋,0歳児(7か月),-,,,定員達し(募集なし),／,,,受入なし(対象外),／,,,受入なし(対象外),／,,,受入なし(対象外),／,,,受入なし(対象外),
30,licensed-32,キッズラボ水天宮前園,私立認可,日本橋,1歳児,-,,,定員達し(募集なし),／,,,受入なし(対象外),空,,,空きあり,空,,,空きあり,J 40点,J,40点,内定あり,
30,licensed-32,キッズラボ水天宮前園,私立認可,日本橋,2歳児,-,,,定員達し(募集なし),空,,,空きあり,空,,,空きあり,空,,,空きあり,空,,,空きあり,
30,licensed-32,キッズラボ水天宮前園,私立認可,日本橋,3歳児,B 38点以下,B,38点以下,内定あり,空,,,空きあり,空,,,空きあり,空,,,空きあり,空,,,空きあり,
30,licensed-32,キッズラボ水天宮前園,私立認可,日本橋,4歳児,-,,,定員達し(募集なし),空,,,空きあり,空,,,空きあり,空,,,空きあり,空,,,空きあり,
30,licensed-32,キッズラボ水天宮前園,私立認可,日本橋,5歳児,-,,,定員達し(募集なし),空,,,空きあり,空,,,空きあり,空,,,空きあり,空,,,空きあり,
31,licensed-34,THREE STAR NURSERY 蛎殻町園,私立認可,日本橋,0歳児(57日),C 40点,C,40点,内定あり,D 40点,D,40点,内定あり,空,,,空きあり,空,,,空きあり,空,,,空きあり,
31,licensed-34,THREE STAR NURSERY 蛎殻町園,私立認可,日本橋,0歳児(7か月),B 43点以上,B,43点以上,内定あり,空,,,空きあり,空,,,空きあり,G 40点,G,40点,内定あり,H 40点,H,40点,内定あり,
31,licensed-34,THREE STAR NURSERY 蛎殻町園,私立認可,日本橋,1歳児,G 40点,G,40点,内定あり,空,,,空きあり,空,,,空きあり,空,,,空きあり,空,,,空きあり,
31,licensed-34,THREE STAR NURSERY 蛎殻町園,私立認可,日本橋,2歳児,-,,,定員達し(募集なし),空,,,空きあり,A 43点以上,A,43点以上,内定あり,空,,,空きあり,空,,,空きあり,
31,licensed-34,THREE STAR NURSERY 蛎殻町園,私立認可,日本橋,3歳児,-,,,定員達し(募集なし),空,,,空きあり,空,,,空きあり,-,,,定員達し(募集なし),空,,,空きあり,
31,licensed-34,THREE STAR NURSERY 蛎殻町園,私立認可,日本橋,4歳児,-,,,定員達し(募集なし),空,,,空きあり,B 40点,B,40点,内定あり,-,,,定員達し(募集なし),-,,,定員達し(募集なし),
31,licensed-34,THREE STAR NURSERY 蛎殻町園,私立認可,日本橋,5歳児,-,,,定員達し(募集なし),空,,,空きあり,-,,,定員達し(募集なし),-,,,定員達し(募集なし),-,,,定員達し(募集なし),
32,licensed-35,コビープリスクールはこざき,私立認可,日本橋,0歳児(57日),-,,,定員達し(募集なし),C 40点,C,40点,内定あり,B 41点,B,41点,内定あり,D 40点,D,40点,内定あり,D 40点,D,40点,内定あり,"2023,2024,2025,2026年は57日・7か月合同募集枠"
32,licensed-35,コビープリスクールはこざき,私立認可,日本橋,0歳児(7か月),F 40点,F,40点,内定あり,C 40点,C,40点,内定あり,B 41点,B,41点,内定あり,D 40点,D,40点,内定あり,D 40点,D,40点,内定あり,"2023,2024,2025,2026年は57日・7か月合同募集枠"
32,licensed-35,コビープリスクールはこざき,私立認可,日本橋,1歳児,E 41点,E,41点,内定あり,H 40点,H,40点,内定あり,I 40点,I,40点,内定あり,J 40点,J,40点,内定あり,F 40点,F,40点,内定あり,
32,licensed-35,コビープリスクールはこざき,私立認可,日本橋,2歳児,-,,,定員達し(募集なし),-,,,定員達し(募集なし),-,,,定員達し(募集なし),C 40点,C,40点,内定あり,空,,,空きあり,
32,licensed-35,コビープリスクールはこざき,私立認可,日本橋,3歳児,C 38点以下,C,38点以下,内定あり,A 41点,A,41点,内定あり,A 43点以上,A,43点以上,内定あり,A 43点以上,A,43点以上,内定あり,A 43点以上,A,43点以上,内定あり,
32,licensed-35,コビープリスクールはこざき,私立認可,日本橋,4歳児,A 40点,A,40点,内定あり,A 41点,A,41点,内定あり,空,,,空きあり,空,,,空きあり,A 43点以上,A,43点以上,内定あり,
32,licensed-35,コビープリスクールはこざき,私立認可,日本橋,5歳児,-,,,定員達し(募集なし),-,,,定員達し(募集なし),-,,,定員達し(募集なし),-,,,定員達し(募集なし),-,,,定員達し(募集なし),
33,licensed-36,テンダーラビング保育園東日本橋,私立認可,日本橋,0歳児(57日),-,,,定員達し(募集なし),／,,,受入なし(対象外),／,,,受入なし(対象外),／,,,受入なし(対象外),／,,,受入なし(対象外),
33,licensed-36,テンダーラビング保育園東日本橋,私立認可,日本橋,0歳児(7か月),-,,,定員達し(募集なし),／,,,受入なし(対象外),／,,,受入なし(対象外),／,,,受入なし(対象外),／,,,受入なし(対象外),
33,licensed-36,テンダーラビング保育園東日本橋,私立認可,日本橋,1歳児,K 40点,K,40点,内定あり,H 40点,H,40点,内定あり,空,,,空きあり,P 38点以下,P,38点以下,内定あり,空,,,空きあり,
33,licensed-36,テンダーラビング保育園東日本橋,私立認可,日本橋,2歳児,-,,,定員達し(募集なし),空,,,空きあり,D 40点,D,40点,内定あり,空,,,空きあり,-,,,定員達し(募集なし),
33,licensed-36,テンダーラビング保育園東日本橋,私立認可,日本橋,3歳児,-,,,定員達し(募集なし),B 41点,B,41点,内定あり,空,,,空きあり,空,,,空きあり,空,,,空きあり,
33,licensed-36,テンダーラビング保育園東日本橋,私立認可,日本橋,4歳児,-,,,定員達し(募集なし),A 41点,A,41点,内定あり,空,,,空きあり,空,,,空きあり,空,,,空きあり,
33,licensed-36,テンダーラビング保育園東日本橋,私立認可,日本橋,5歳児,-,,,定員達し(募集なし),空,,,空きあり,-,,,定員達し(募集なし),空,,,空きあり,空,,,空きあり,
34,licensed-37,ミアヘルサ保育園ひびき東日本橋,私立認可,日本橋,0歳児(57日),-,,,定員達し(募集なし),／,,,受入なし(対象外),／,,,受入なし(対象外),／,,,受入なし(対象外),／,,,受入なし(対象外),
34,licensed-37,ミアヘルサ保育園ひびき東日本橋,私立認可,日本橋,0歳児(7か月),-,,,定員達し(募集なし),／,,,受入なし(対象外),／,,,受入なし(対象外),／,,,受入なし(対象外),／,,,受入なし(対象外),
34,licensed-37,ミアヘルサ保育園ひびき東日本橋,私立認可,日本橋,1歳児,M 38点以下,M,38点以下,内定あり,空,,,空きあり,空,,,空きあり,空,,,空きあり,空,,,空きあり,
34,licensed-37,ミアヘルサ保育園ひびき東日本橋,私立認可,日本橋,2歳児,B 40点,B,40点,内定あり,-,,,定員達し(募集なし),空,,,空きあり,空,,,空きあり,-,,,定員達し(募集なし),
34,licensed-37,ミアヘルサ保育園ひびき東日本橋,私立認可,日本橋,3歳児,-,,,定員達し(募集なし),空,,,空きあり,空,,,空きあり,空,,,空きあり,空,,,空きあり,
34,licensed-37,ミアヘルサ保育園ひびき東日本橋,私立認可,日本橋,4歳児,B 38点以下,B,38点以下,内定あり,空,,,空きあり,空,,,空きあり,空,,,空きあり,空,,,空きあり,
34,licensed-37,ミアヘルサ保育園ひびき東日本橋,私立認可,日本橋,5歳児,-,,,定員達し(募集なし),-,,,定員達し(募集なし),空,,,空きあり,空,,,空きあり,空,,,空きあり,
35,licensed-38,ほっぺるランド東日本橋,私立認可,日本橋,0歳児(57日),-,,,定員達し(募集なし),／,,,受入なし(対象外),／,,,受入なし(対象外),／,,,受入なし(対象外),／,,,受入なし(対象外),
35,licensed-38,ほっぺるランド東日本橋,私立認可,日本橋,0歳児(7か月),G 40点,G,40点,内定あり,空,,,空きあり,E 40点,E,40点,内定あり,E 40点,E,40点,内定あり,I 38点以下,I,38点以下,内定あり,
35,licensed-38,ほっぺるランド東日本橋,私立認可,日本橋,1歳児,H 40点,H,40点,内定あり,I 40点,I,40点,内定あり,F 40点,F,40点,内定あり,I 40点,I,40点,内定あり,F 40点,F,40点,内定あり,
35,licensed-38,ほっぺるランド東日本橋,私立認可,日本橋,2歳児,B 40点,B,40点,内定あり,B 40点,B,40点,内定あり,B 40点,B,40点,内定あり,B 41点,B,41点,内定あり,A 43点以上,A,43点以上,内定あり,
35,licensed-38,ほっぺるランド東日本橋,私立認可,日本橋,3歳児,-,,,定員達し(募集なし),-,,,定員達し(募集なし),-,,,定員達し(募集なし),-,,,定員達し(募集なし),空,,,空きあり,
35,licensed-38,ほっぺるランド東日本橋,私立認可,日本橋,4歳児,-,,,定員達し(募集なし),空,,,空きあり,空,,,空きあり,空,,,空きあり,空,,,空きあり,
35,licensed-38,ほっぺるランド東日本橋,私立認可,日本橋,5歳児,-,,,定員達し(募集なし),空,,,空きあり,空,,,空きあり,空,,,空きあり,空,,,空きあり,
36,licensed-39,さくらさくみらい 東日本橋,私立認可,日本橋,0歳児(57日),C 40点,C,40点,内定あり,B 41点,B,41点,内定あり,C 40点,C,40点,内定あり,A 43点以上,A,43点以上,内定あり,C 40点,C,40点,内定あり,
36,licensed-39,さくらさくみらい 東日本橋,私立認可,日本橋,0歳児(7か月),G 40点,G,40点,内定あり,E 40点,E,40点,内定あり,D 40点,D,40点,内定あり,E 40点,E,40点,内定あり,D 40点,D,40点,内定あり,
36,licensed-39,さくらさくみらい 東日本橋,私立認可,日本橋,1歳児,J 40点,J,40点,内定あり,G 40点,G,40点,内定あり,K 40点,K,40点,内定あり,H 40点,H,40点,内定あり,D 41点,D,41点,内定あり,
36,licensed-39,さくらさくみらい 東日本橋,私立認可,日本橋,2歳児,-,,,定員達し(募集なし),空,,,空きあり,-,,,定員達し(募集なし),D 39点,D,39点,内定あり,-,,,定員達し(募集なし),
36,licensed-39,さくらさくみらい 東日本橋,私立認可,日本橋,3歳児,B 40点,B,40点,内定あり,B 40点,B,40点,内定あり,空,,,空きあり,C 38点以下,C,38点以下,内定あり,B 41点,B,41点,内定あり,
36,licensed-39,さくらさくみらい 東日本橋,私立認可,日本橋,4歳児,-,,,定員達し(募集なし),-,,,定員達し(募集なし),空,,,空きあり,A 39点,A,39点,内定あり,-,,,定員達し(募集なし),
36,licensed-39,さくらさくみらい 東日本橋,私立認可,日本橋,5歳児,-,,,定員達し(募集なし),空,,,空きあり,空,,,空きあり,空,,,空きあり,空,,,空きあり,
37,licensed-40,ナーサリールーム ベリーベアー日本橋,私立認可,日本橋,0歳児(57日),-,,,定員達し(募集なし),／,,,受入なし(対象外),／,,,受入なし(対象外),／,,,受入なし(対象外),／,,,受入なし(対象外),
37,licensed-40,ナーサリールーム ベリーベアー日本橋,私立認可,日本橋,0歳児(7か月),-,,,定員達し(募集なし),／,,,受入なし(対象外),／,,,受入なし(対象外),／,,,受入なし(対象外),／,,,受入なし(対象外),
37,licensed-40,ナーサリールーム ベリーベアー日本橋,私立認可,日本橋,1歳児,J 40点,J,40点,内定あり,I 40点,I,40点,内定あり,J 40点,J,40点,内定あり,L 40点,L,40点,内定あり,J 40点,J,40点,内定あり,
37,licensed-40,ナーサリールーム ベリーベアー日本橋,私立認可,日本橋,2歳児,C 40点,C,40点,内定あり,A 43点以上,A,43点以上,内定あり,E 38点以下,E,38点以下,内定あり,空,,,空きあり,B 40点,B,40点,内定あり,
37,licensed-40,ナーサリールーム ベリーベアー日本橋,私立認可,日本橋,3歳児,B 41点,B,41点,内定あり,空,,,空きあり,A 43点以上,A,43点以上,内定あり,空,,,空きあり,B 40点,B,40点,内定あり,
37,licensed-40,ナーサリールーム ベリーベアー日本橋,私立認可,日本橋,4歳児,-,,,定員達し(募集なし),-,,,定員達し(募集なし),A 41点,A,41点,内定あり,空,,,空きあり,空,,,空きあり,
37,licensed-40,ナーサリールーム ベリーベアー日本橋,私立認可,日本橋,5歳児,-,,,定員達し(募集なし),-,,,定員達し(募集なし),空,,,空きあり,空,,,空きあり,空,,,空きあり,
38,licensed-41,AIAI NURSERY 日本橋浜町,私立認可,日本橋,0歳児(57日),-,,,定員達し(募集なし),／,,,受入なし(対象外),／,,,受入なし(対象外),／,,,受入なし(対象外),／,,,受入なし(対象外),
38,licensed-41,AIAI NURSERY 日本橋浜町,私立認可,日本橋,0歳児(7か月),F 40点,F,40点,内定あり,G 38点以下,G,38点以下,内定あり,F 40点,F,40点,内定あり,G 40点,G,40点,内定あり,G 40点,G,40点,内定あり,
38,licensed-41,AIAI NURSERY 日本橋浜町,私立認可,日本橋,1歳児,F 40点,F,40点,内定あり,I 40点,I,40点,内定あり,L 40点,L,40点,内定あり,H 40点,H,40点,内定あり,J 40点,J,40点,内定あり,
38,licensed-41,AIAI NURSERY 日本橋浜町,私立認可,日本橋,2歳児,-,,,定員達し(募集なし),-,,,定員達し(募集なし),空,,,空きあり,-,,,定員達し(募集なし),A 41点,A,41点,内定あり,
38,licensed-41,AIAI NURSERY 日本橋浜町,私立認可,日本橋,3歳児,C 38点以下,C,38点以下,内定あり,空,,,空きあり,空,,,空きあり,空,,,空きあり,空,,,空きあり,
38,licensed-41,AIAI NURSERY 日本橋浜町,私立認可,日本橋,4歳児,-,,,定員達し(募集なし),空,,,空きあり,空,,,空きあり,空,,,空きあり,空,,,空きあり,
38,licensed-41,AIAI NURSERY 日本橋浜町,私立認可,日本橋,5歳児,-,,,定員達し(募集なし),-,,,定員達し(募集なし),空,,,空きあり,空,,,空きあり,空,,,空きあり,
39,licensed-42,キッズハウス浜町公園,私立認可,日本橋,0歳児(57日),-,,,定員達し(募集なし),／,,,受入なし(対象外),／,,,受入なし(対象外),／,,,受入なし(対象外),／,,,受入なし(対象外),
39,licensed-42,キッズハウス浜町公園,私立認可,日本橋,0歳児(7か月),-,,,定員達し(募集なし),／,,,受入なし(対象外),空,,,空きあり,空,,,空きあり,H 40点,H,40点,内定あり,
39,licensed-42,キッズハウス浜町公園,私立認可,日本橋,1歳児,-,,,定員達し(募集なし),／,,,受入なし(対象外),空,,,空きあり,N 40点,N,40点,内定あり,K 40点,K,40点,内定あり,
39,licensed-42,キッズハウス浜町公園,私立認可,日本橋,2歳児,-,,,定員達し(募集なし),／,,,受入なし(対象外),C 40点,C,40点,内定あり,B 40点,B,40点,内定あり,空,,,空きあり,
39,licensed-42,キッズハウス浜町公園,私立認可,日本橋,3歳児,-,,,定員達し(募集なし),空,,,空きあり,空,,,空きあり,空,,,空きあり,空,,,空きあり,
39,licensed-42,キッズハウス浜町公園,私立認可,日本橋,4歳児,-,,,定員達し(募集なし),空,,,空きあり,空,,,空きあり,空,,,空きあり,空,,,空きあり,
39,licensed-42,キッズハウス浜町公園,私立認可,日本橋,5歳児,-,,,定員達し(募集なし),空,,,空きあり,空,,,空きあり,空,,,空きあり,空,,,空きあり,
40,licensed-44,グローバルキッズ浜町園,私立認可,日本橋,0歳児(57日),-,,,定員達し(募集なし),／,,,受入なし(対象外),／,,,受入なし(対象外),／,,,受入なし(対象外),／,,,受入なし(対象外),
40,licensed-44,グローバルキッズ浜町園,私立認可,日本橋,0歳児(7か月),-,,,定員達し(募集なし),／,,,受入なし(対象外),／,,,受入なし(対象外),／,,,受入なし(対象外),／,,,受入なし(対象外),
40,licensed-44,グローバルキッズ浜町園,私立認可,日本橋,1歳児,H 40点,H,40点,内定あり,K 40点,K,40点,内定あり,K 40点,K,40点,内定あり,F 40点,F,40点,内定あり,O 40点,O,40点,内定あり,
40,licensed-44,グローバルキッズ浜町園,私立認可,日本橋,2歳児,D 38点以下,D,38点以下,内定あり,空,,,空きあり,空,,,空きあり,空,,,空きあり,空,,,空きあり,
40,licensed-44,グローバルキッズ浜町園,私立認可,日本橋,3歳児,A 43点以上,A,43点以上,内定あり,空,,,空きあり,空,,,空きあり,-,,,定員達し(募集なし),空,,,空きあり,
40,licensed-44,グローバルキッズ浜町園,私立認可,日本橋,4歳児,B 39点,B,39点,内定あり,空,,,空きあり,空,,,空きあり,空,,,空きあり,空,,,空きあり,
40,licensed-44,グローバルキッズ浜町園,私立認可,日本橋,5歳児,-,,,定員達し(募集なし),空,,,空きあり,空,,,空きあり,空,,,空きあり,空,,,空きあり,
41,licensed-45,EDO日本橋保育園,私立認可,日本橋,0歳児(57日),-,,,定員達し(募集なし),／,,,受入なし(対象外),／,,,受入なし(対象外),／,,,受入なし(対象外),／,,,受入なし(対象外),
41,licensed-45,EDO日本橋保育園,私立認可,日本橋,0歳児(7か月),F 40点,F,40点,内定あり,空,,,空きあり,空,,,空きあり,空,,,空きあり,空,,,空きあり,
41,licensed-45,EDO日本橋保育園,私立認可,日本橋,1歳児,H 40点,H,40点,内定あり,H 40点,H,40点,内定あり,J 40点,J,40点,内定あり,J 40点,J,40点,内定あり,K 40点,K,40点,内定あり,
41,licensed-45,EDO日本橋保育園,私立認可,日本橋,2歳児,B 40点,B,40点,内定あり,空,,,空きあり,-,,,定員達し(募集なし),-,,,定員達し(募集なし),空,,,空きあり,
41,licensed-45,EDO日本橋保育園,私立認可,日本橋,3歳児,A 43点以上,A,43点以上,内定あり,空,,,空きあり,-,,,定員達し(募集なし),-,,,定員達し(募集なし),D 38点以下,D,38点以下,内定あり,
41,licensed-45,EDO日本橋保育園,私立認可,日本橋,4歳児,-,,,定員達し(募集なし),空,,,空きあり,空,,,空きあり,空,,,空きあり,-,,,定員達し(募集なし),
41,licensed-45,EDO日本橋保育園,私立認可,日本橋,5歳児,-,,,定員達し(募集なし),空,,,空きあり,空,,,空きあり,空,,,空きあり,空,,,空きあり,
42,licensed-46,ほっぺるランド茅場町,私立認可,日本橋,0歳児(57日),-,,,定員達し(募集なし),／,,,受入なし(対象外),／,,,受入なし(対象外),／,,,受入なし(対象外),／,,,受入なし(対象外),
42,licensed-46,ほっぺるランド茅場町,私立認可,日本橋,0歳児(7か月),-,,,定員達し(募集なし),／,,,受入なし(対象外),／,,,受入なし(対象外),／,,,受入なし(対象外),／,,,受入なし(対象外),
42,licensed-46,ほっぺるランド茅場町,私立認可,日本橋,1歳児,K 40点,K,40点,内定あり,空,,,空きあり,空,,,空きあり,空,,,空きあり,空,,,空きあり,
42,licensed-46,ほっぺるランド茅場町,私立認可,日本橋,2歳児,-,,,定員達し(募集なし),空,,,空きあり,空,,,空きあり,空,,,空きあり,空,,,空きあり,
42,licensed-46,ほっぺるランド茅場町,私立認可,日本橋,3歳児,A 43点以上,A,43点以上,内定あり,空,,,空きあり,空,,,空きあり,空,,,空きあり,空,,,空きあり,
42,licensed-46,ほっぺるランド茅場町,私立認可,日本橋,4歳児,B 38点以下,B,38点以下,内定あり,空,,,空きあり,空,,,空きあり,空,,,空きあり,空,,,空きあり,
42,licensed-46,ほっぺるランド茅場町,私立認可,日本橋,5歳児,-,,,定員達し(募集なし),空,,,空きあり,空,,,空きあり,空,,,空きあり,空,,,空きあり,
43,licensed-47,阪本こども園,こども園,日本橋,0歳児(57日),-,,,定員達し(募集なし),／,,,受入なし(対象外),／,,,受入なし(対象外),／,,,受入なし(対象外),／,,,受入なし(対象外),
43,licensed-47,阪本こども園,こども園,日本橋,0歳児(7か月),-,,,定員達し(募集なし),／,,,受入なし(対象外),／,,,受入なし(対象外),／,,,受入なし(対象外),／,,,受入なし(対象外),
43,licensed-47,阪本こども園,こども園,日本橋,1歳児,D 41点,D,41点,内定あり,C 42点,C,42点,内定あり,D 41点,D,41点,内定あり,C 43点以上,C,43点以上,内定あり,D 43点以上,D,43点以上,内定あり,
43,licensed-47,阪本こども園,こども園,日本橋,2歳児,A 43点以上,A,43点以上,内定あり,A 43点以上,A,43点以上,内定あり,A 43点以上,A,43点以上,内定あり,-,,,定員達し(募集なし),-,,,定員達し(募集なし),
43,licensed-47,阪本こども園,こども園,日本橋,3歳児,A 43点以上,A,43点以上,内定あり,-,,,定員達し(募集なし),-,,,定員達し(募集なし),-,,,定員達し(募集なし),-,,,定員達し(募集なし),
43,licensed-47,阪本こども園,こども園,日本橋,4歳児,-,,,定員達し(募集なし),-,,,定員達し(募集なし),-,,,定員達し(募集なし),-,,,定員達し(募集なし),-,,,定員達し(募集なし),
43,licensed-47,阪本こども園,こども園,日本橋,5歳児,-,,,定員達し(募集なし),-,,,定員達し(募集なし),-,,,定員達し(募集なし),-,,,定員達し(募集なし),-,,,定員達し(募集なし),
44,licensed-48,つくだ保育園,区立認可,月島,0歳児(57日),-,,,定員達し(募集なし),／,,,受入なし(対象外),／,,,受入なし(対象外),／,,,受入なし(対象外),／,,,受入なし(対象外),
44,licensed-48,つくだ保育園,区立認可,月島,0歳児(7か月),I 38点以下,I,38点以下,内定あり,F 40点,F,40点,内定あり,空,,,空きあり,空,,,空きあり,空,,,空きあり,
44,licensed-48,つくだ保育園,区立認可,月島,1歳児,E 41点,E,41点,内定あり,G 40点,G,40点,内定あり,G 40点,G,40点,内定あり,E 41点,E,41点,内定あり,I 40点,I,40点,内定あり,
44,licensed-48,つくだ保育園,区立認可,月島,2歳児,D 38点以下,D,38点以下,内定あり,空,,,空きあり,空,,,空きあり,D 39点,D,39点,内定あり,D 38点以下,D,38点以下,内定あり,
44,licensed-48,つくだ保育園,区立認可,月島,3歳児,B 41点,B,41点,内定あり,B 38点以下,B,38点以下,内定あり,C 40点,C,40点,内定あり,B 41点,B,41点,内定あり,D 38点以下,D,38点以下,内定あり,
44,licensed-48,つくだ保育園,区立認可,月島,4歳児,A 43点以上,A,43点以上,内定あり,-,,,定員達し(募集なし),空,,,空きあり,-,,,定員達し(募集なし),-,,,定員達し(募集なし),
44,licensed-48,つくだ保育園,区立認可,月島,5歳児,-,,,定員達し(募集なし),-,,,定員達し(募集なし),空,,,空きあり,A 41点,A,41点,内定あり,-,,,定員達し(募集なし),
45,licensed-49,月島保育園,区立認可,月島,0歳児(57日),G 40点,G,40点,内定あり,D 40点,D,40点,内定あり,F 40点,F,40点,内定あり,I 38点以下,I,38点以下,内定あり,E 40点,E,40点,内定あり,
45,licensed-49,月島保育園,区立認可,月島,0歳児(7か月),D 40点,D,40点,内定あり,B 41点,B,41点,内定あり,D 40点,D,40点,内定あり,D 40点,D,40点,内定あり,F 40点,F,40点,内定あり,
45,licensed-49,月島保育園,区立認可,月島,1歳児,E 41点,E,41点,内定あり,G 40点,G,40点,内定あり,H 40点,H,40点,内定あり,G 40点,G,40点,内定あり,I 40点,I,40点,内定あり,
45,licensed-49,月島保育園,区立認可,月島,2歳児,C 40点,C,40点,内定あり,空,,,空きあり,E 38点以下,E,38点以下,内定あり,空,,,空きあり,D 38点以下,D,38点以下,内定あり,
45,licensed-49,月島保育園,区立認可,月島,3歳児,C 38点以下,C,38点以下,内定あり,B 40点,B,40点,内定あり,C 40点,C,40点,内定あり,空,,,空きあり,空,,,空きあり,
45,licensed-49,月島保育園,区立認可,月島,4歳児,A 41点,A,41点,内定あり,A 39点,A,39点,内定あり,空,,,空きあり,空,,,空きあり,空,,,空きあり,
45,licensed-49,月島保育園,区立認可,月島,5歳児,-,,,定員達し(募集なし),-,,,定員達し(募集なし),空,,,空きあり,空,,,空きあり,-,,,定員達し(募集なし),
46,licensed-50,かちどき西保育園,区立認可,月島,0歳児(57日),F 40点,F,40点,内定あり,G 40点,G,40点,内定あり,G 40点,G,40点,内定あり,H 40点,H,40点,内定あり,E 40点,E,40点,内定あり,
46,licensed-50,かちどき西保育園,区立認可,月島,0歳児(7か月),C 40点,C,40点,内定あり,空,,,空きあり,C 40点,C,40点,内定あり,F 40点,F,40点,内定あり,D 40点,D,40点,内定あり,
46,licensed-50,かちどき西保育園,区立認可,月島,1歳児,F 40点,F,40点,内定あり,F 40点,F,40点,内定あり,H 40点,H,40点,内定あり,E 41点,E,41点,内定あり,H 40点,H,40点,内定あり,
46,licensed-50,かちどき西保育園,区立認可,月島,2歳児,B 40点,B,40点,内定あり,B 40点,B,40点,内定あり,空,,,空きあり,B 40点,B,40点,内定あり,B 40点,B,40点,内定あり,
46,licensed-50,かちどき西保育園,区立認可,月島,3歳児,B 38点以下,B,38点以下,内定あり,B 40点,B,40点,内定あり,空,,,空きあり,空,,,空きあり,A 43点以上,A,43点以上,内定あり,
46,licensed-50,かちどき西保育園,区立認可,月島,4歳児,-,,,定員達し(募集なし),A 38点以下,A,38点以下,内定あり,A 41点,A,41点,内定あり,空,,,空きあり,空,,,空きあり,
46,licensed-50,かちどき西保育園,区立認可,月島,5歳児,-,,,定員達し(募集なし),空,,,空きあり,空,,,空きあり,空,,,空きあり,-,,,定員達し(募集なし),
47,licensed-51,勝どき保育園,区立認可,月島,0歳児(57日),-,,,定員達し(募集なし),／,,,受入なし(対象外),／,,,受入なし(対象外),／,,,受入なし(対象外),／,,,受入なし(対象外),
47,licensed-51,勝どき保育園,区立認可,月島,0歳児(7か月),H 40点,H,40点,内定あり,空,,,空きあり,空,,,空きあり,H 40点,H,40点,内定あり,I 38点以下,I,38点以下,内定あり,
47,licensed-51,勝どき保育園,区立認可,月島,1歳児,E 41点,E,41点,内定あり,F 40点,F,40点,内定あり,J 40点,J,40点,内定あり,E 41点,E,41点,内定あり,J 40点,J,40点,内定あり,
47,licensed-51,勝どき保育園,区立認可,月島,2歳児,C 40点,C,40点,内定あり,C 38点以下,C,38点以下,内定あり,空,,,空きあり,B 40点,B,40点,内定あり,A 41点,A,41点,内定あり,
47,licensed-51,勝どき保育園,区立認可,月島,3歳児,B 40点,B,40点,内定あり,A 42点,A,42点,内定あり,空,,,空きあり,空,,,空きあり,C 39点,C,39点,内定あり,
47,licensed-51,勝どき保育園,区立認可,月島,4歳児,B 38点以下,B,38点以下,内定あり,空,,,空きあり,空,,,空きあり,空,,,空きあり,空,,,空きあり,
47,licensed-51,勝どき保育園,区立認可,月島,5歳児,-,,,定員達し(募集なし),空,,,空きあり,B 38点以下,B,38点以下,内定あり,-,,,定員達し(募集なし),空,,,空きあり,
48,licensed-52,晴海保育園,区立認可,月島,0歳児(57日),-,,,定員達し(募集なし),／,,,受入なし(対象外),／,,,受入なし(対象外),／,,,受入なし(対象外),／,,,受入なし(対象外),
48,licensed-52,晴海保育園,区立認可,月島,0歳児(7か月),I 38点以下,I,38点以下,内定あり,空,,,空きあり,空,,,空きあり,空,,,空きあり,空,,,空きあり,
48,licensed-52,晴海保育園,区立認可,月島,1歳児,L 40点,L,40点,内定あり,I 40点,I,40点,内定あり,J 40点,J,40点,内定あり,E 40点,E,40点,内定あり,L 40点,L,40点,内定あり,
48,licensed-52,晴海保育園,区立認可,月島,2歳児,C 38点以下,C,38点以下,内定あり,B 40点,B,40点,内定あり,空,,,空きあり,B 40点,B,40点,内定あり,D 38点以下,D,38点以下,内定あり,
48,licensed-52,晴海保育園,区立認可,月島,3歳児,-,,,定員達し(募集なし),B 40点,B,40点,内定あり,空,,,空きあり,-,,,定員達し(募集なし),A 41点,A,41点,内定あり,
48,licensed-52,晴海保育園,区立認可,月島,4歳児,A 43点以上,A,43点以上,内定あり,空,,,空きあり,空,,,空きあり,空,,,空きあり,空,,,空きあり,
48,licensed-52,晴海保育園,区立認可,月島,5歳児,-,,,定員達し(募集なし),-,,,定員達し(募集なし),空,,,空きあり,-,,,定員達し(募集なし),空,,,空きあり,
49,licensed-53,さくらさくみらい 佃,私立認可,月島,0歳児(57日),-,,,定員達し(募集なし),／,,,受入なし(対象外),／,,,受入なし(対象外),／,,,受入なし(対象外),／,,,受入なし(対象外),
49,licensed-53,さくらさくみらい 佃,私立認可,月島,0歳児(7か月),-,,,定員達し(募集なし),／,,,受入なし(対象外),／,,,受入なし(対象外),／,,,受入なし(対象外),／,,,受入なし(対象外),
49,licensed-53,さくらさくみらい 佃,私立認可,月島,1歳児,L 40点,L,40点,内定あり,空,,,空きあり,空,,,空きあり,空,,,空きあり,空,,,空きあり,
49,licensed-53,さくらさくみらい 佃,私立認可,月島,2歳児,C 38点以下,C,38点以下,内定あり,空,,,空きあり,空,,,空きあり,空,,,空きあり,空,,,空きあり,
49,licensed-53,さくらさくみらい 佃,私立認可,月島,3歳児,C 38点以下,C,38点以下,内定あり,空,,,空きあり,空,,,空きあり,空,,,空きあり,空,,,空きあり,
49,licensed-53,さくらさくみらい 佃,私立認可,月島,4歳児,-,,,定員達し(募集なし),空,,,空きあり,空,,,空きあり,空,,,空きあり,空,,,空きあり,
49,licensed-53,さくらさくみらい 佃,私立認可,月島,5歳児,-,,,定員達し(募集なし),空,,,空きあり,空,,,空きあり,-,,,定員達し(募集なし),空,,,空きあり,
50,licensed-54,さくらさくみらい つくだ大通り,私立認可,月島,0歳児(57日),-,,,定員達し(募集なし),／,,,受入なし(対象外),／,,,受入なし(対象外),／,,,受入なし(対象外),／,,,受入なし(対象外),
50,licensed-54,さくらさくみらい つくだ大通り,私立認可,月島,0歳児(7か月),-,,,定員達し(募集なし),／,,,受入なし(対象外),／,,,受入なし(対象外),／,,,受入なし(対象外),／,,,受入なし(対象外),
50,licensed-54,さくらさくみらい つくだ大通り,私立認可,月島,1歳児,M 38点以下,M,38点以下,内定あり,空,,,空きあり,空,,,空きあり,空,,,空きあり,空,,,空きあり,
50,licensed-54,さくらさくみらい つくだ大通り,私立認可,月島,2歳児,A 41点,A,41点,内定あり,空,,,空きあり,空,,,空きあり,空,,,空きあり,空,,,空きあり,
50,licensed-54,さくらさくみらい つくだ大通り,私立認可,月島,3歳児,-,,,定員達し(募集なし),空,,,空きあり,空,,,空きあり,空,,,空きあり,空,,,空きあり,
50,licensed-54,さくらさくみらい つくだ大通り,私立認可,月島,4歳児,-,,,定員達し(募集なし),空,,,空きあり,空,,,空きあり,空,,,空きあり,空,,,空きあり,
50,licensed-54,さくらさくみらい つくだ大通り,私立認可,月島,5歳児,-,,,定員達し(募集なし),空,,,空きあり,空,,,空きあり,空,,,空きあり,空,,,空きあり,
51,licensed-55,ほっぺるランド佃,私立認可,月島,0歳児(57日),-,,,定員達し(募集なし),／,,,受入なし(対象外),／,,,受入なし(対象外),／,,,受入なし(対象外),／,,,受入なし(対象外),
51,licensed-55,ほっぺるランド佃,私立認可,月島,0歳児(7か月),D 40点,D,40点,内定あり,空,,,空きあり,空,,,空きあり,空,,,空きあり,空,,,空きあり,
51,licensed-55,ほっぺるランド佃,私立認可,月島,1歳児,J 40点,J,40点,内定あり,H 40点,H,40点,内定あり,J 40点,J,40点,内定あり,L 40点,L,40点,内定あり,空,,,空きあり,
51,licensed-55,ほっぺるランド佃,私立認可,月島,2歳児,B 40点,B,40点,内定あり,空,,,空きあり,空,,,空きあり,空,,,空きあり,空,,,空きあり,
51,licensed-55,ほっぺるランド佃,私立認可,月島,3歳児,A 43点以上,A,43点以上,内定あり,空,,,空きあり,空,,,空きあり,空,,,空きあり,空,,,空きあり,
51,licensed-55,ほっぺるランド佃,私立認可,月島,4歳児,A 40点,A,40点,内定あり,空,,,空きあり,空,,,空きあり,空,,,空きあり,空,,,空きあり,
51,licensed-55,ほっぺるランド佃,私立認可,月島,5歳児,-,,,定員達し(募集なし),空,,,空きあり,空,,,空きあり,空,,,空きあり,空,,,空きあり,
52,licensed-56,インターナショナル保育所まぁむ月島駅前園,私立認可,月島,0歳児(57日),-,,,定員達し(募集なし),／,,,受入なし(対象外),E 40点,E,40点,内定あり,I 38点以下,I,38点以下,内定あり,I 38点以下,I,38点以下,内定あり,"2024,2025,2026年は57日・7か月合同募集枠"
52,licensed-56,インターナショナル保育所まぁむ月島駅前園,私立認可,月島,0歳児(7か月),-,,,定員達し(募集なし),／,,,受入なし(対象外),E 40点,E,40点,内定あり,I 38点以下,I,38点以下,内定あり,I 38点以下,I,38点以下,内定あり,"2024,2025,2026年は57日・7か月合同募集枠"
52,licensed-56,インターナショナル保育所まぁむ月島駅前園,私立認可,月島,1歳児,-,,,定員達し(募集なし),／,,,受入なし(対象外),空,,,空きあり,N 40点,N,40点,内定あり,O 38点以下,O,38点以下,内定あり,
52,licensed-56,インターナショナル保育所まぁむ月島駅前園,私立認可,月島,2歳児,-,,,定員達し(募集なし),／,,,受入なし(対象外),-,,,定員達し(募集なし),空,,,空きあり,空,,,空きあり,
52,licensed-56,インターナショナル保育所まぁむ月島駅前園,私立認可,月島,3歳児,-,,,定員達し(募集なし),空,,,空きあり,空,,,空きあり,空,,,空きあり,空,,,空きあり,
52,licensed-56,インターナショナル保育所まぁむ月島駅前園,私立認可,月島,4歳児,-,,,定員達し(募集なし),空,,,空きあり,空,,,空きあり,空,,,空きあり,空,,,空きあり,
52,licensed-56,インターナショナル保育所まぁむ月島駅前園,私立認可,月島,5歳児,-,,,定員達し(募集なし),-,,,定員達し(募集なし),空,,,空きあり,空,,,空きあり,空,,,空きあり,
53,licensed-58,みちてる保育園,私立認可,月島,0歳児(57日),-,,,定員達し(募集なし),／,,,受入なし(対象外),／,,,受入なし(対象外),／,,,受入なし(対象外),／,,,受入なし(対象外),
53,licensed-58,みちてる保育園,私立認可,月島,0歳児(7か月),H 40点,H,40点,内定あり,空,,,空きあり,空,,,空きあり,空,,,空きあり,空,,,空きあり,
53,licensed-58,みちてる保育園,私立認可,月島,1歳児,A 43点以上,A,43点以上,内定あり,F 40点,F,40点,内定あり,C 43点以上,C,43点以上,内定あり,B 43点以上,B,43点以上,内定あり,I 40点,I,40点,内定あり,
53,licensed-58,みちてる保育園,私立認可,月島,2歳児,-,,,定員達し(募集なし),空,,,空きあり,空,,,空きあり,空,,,空きあり,D 38点以下,D,38点以下,内定あり,
53,licensed-58,みちてる保育園,私立認可,月島,3歳児,B 40点,B,40点,内定あり,-,,,定員達し(募集なし),空,,,空きあり,-,,,定員達し(募集なし),-,,,定員達し(募集なし),
53,licensed-58,みちてる保育園,私立認可,月島,4歳児,-,,,定員達し(募集なし),-,,,定員達し(募集なし),-,,,定員達し(募集なし),-,,,定員達し(募集なし),A 40点,A,40点,内定あり,
53,licensed-58,みちてる保育園,私立認可,月島,5歳児,-,,,定員達し(募集なし),-,,,定員達し(募集なし),B 40点,B,40点,内定あり,空,,,空きあり,-,,,定員達し(募集なし),
54,licensed-59,ほっぺるランド相生橋つくだ,私立認可,月島,0歳児(57日),未開園,,,未開園,／,,,受入なし(対象外),／,,,受入なし(対象外),／,,,受入なし(対象外),／,,,受入なし(対象外),
54,licensed-59,ほっぺるランド相生橋つくだ,私立認可,月島,0歳児(7か月),未開園,,,未開園,／,,,受入なし(対象外),／,,,受入なし(対象外),／,,,受入なし(対象外),／,,,受入なし(対象外),
54,licensed-59,ほっぺるランド相生橋つくだ,私立認可,月島,1歳児,未開園,,,未開園,空,,,空きあり,空,,,空きあり,空,,,空きあり,空,,,空きあり,
54,licensed-59,ほっぺるランド相生橋つくだ,私立認可,月島,2歳児,未開園,,,未開園,空,,,空きあり,空,,,空きあり,空,,,空きあり,空,,,空きあり,
54,licensed-59,ほっぺるランド相生橋つくだ,私立認可,月島,3歳児,未開園,,,未開園,空,,,空きあり,空,,,空きあり,空,,,空きあり,空,,,空きあり,
54,licensed-59,ほっぺるランド相生橋つくだ,私立認可,月島,4歳児,未開園,,,未開園,空,,,空きあり,空,,,空きあり,空,,,空きあり,-,,,定員達し(募集なし),
54,licensed-59,ほっぺるランド相生橋つくだ,私立認可,月島,5歳児,未開園,,,未開園,空,,,空きあり,空,,,空きあり,空,,,空きあり,空,,,空きあり,
55,licensed-60,ほっぺるランド佃大橋,私立認可,月島,0歳児(57日),-,,,定員達し(募集なし),／,,,受入なし(対象外),／,,,受入なし(対象外),／,,,受入なし(対象外),／,,,受入なし(対象外),
55,licensed-60,ほっぺるランド佃大橋,私立認可,月島,0歳児(7か月),-,,,定員達し(募集なし),／,,,受入なし(対象外),／,,,受入なし(対象外),／,,,受入なし(対象外),／,,,受入なし(対象外),
55,licensed-60,ほっぺるランド佃大橋,私立認可,月島,1歳児,M 38点以下,M,38点以下,内定あり,空,,,空きあり,空,,,空きあり,空,,,空きあり,空,,,空きあり,
55,licensed-60,ほっぺるランド佃大橋,私立認可,月島,2歳児,B 40点,B,40点,内定あり,空,,,空きあり,空,,,空きあり,空,,,空きあり,空,,,空きあり,
55,licensed-60,ほっぺるランド佃大橋,私立認可,月島,3歳児,-,,,定員達し(募集なし),空,,,空きあり,空,,,空きあり,空,,,空きあり,-,,,定員達し(募集なし),
55,licensed-60,ほっぺるランド佃大橋,私立認可,月島,4歳児,-,,,定員達し(募集なし),空,,,空きあり,空,,,空きあり,空,,,空きあり,-,,,定員達し(募集なし),
55,licensed-60,ほっぺるランド佃大橋,私立認可,月島,5歳児,-,,,定員達し(募集なし),空,,,空きあり,空,,,空きあり,空,,,空きあり,空,,,空きあり,
56,licensed-61,太陽の子月島保育園,私立認可,月島,0歳児(57日),-,,,定員達し(募集なし),／,,,受入なし(対象外),／,,,受入なし(対象外),／,,,受入なし(対象外),／,,,受入なし(対象外),
56,licensed-61,太陽の子月島保育園,私立認可,月島,0歳児(7か月),H 40点,H,40点,内定あり,空,,,空きあり,空,,,空きあり,空,,,空きあり,空,,,空きあり,
56,licensed-61,太陽の子月島保育園,私立認可,月島,1歳児,H 40点,H,40点,内定あり,H 40点,H,40点,内定あり,P 38点以下,P,38点以下,内定あり,M 40点,M,40点,内定あり,N 40点,N,40点,内定あり,
56,licensed-61,太陽の子月島保育園,私立認可,月島,2歳児,C 39点,C,39点,内定あり,空,,,空きあり,C 40点,C,40点,内定あり,空,,,空きあり,D 38点以下,D,38点以下,内定あり,
56,licensed-61,太陽の子月島保育園,私立認可,月島,3歳児,B 40点,B,40点,内定あり,空,,,空きあり,空,,,空きあり,空,,,空きあり,空,,,空きあり,
56,licensed-61,太陽の子月島保育園,私立認可,月島,4歳児,-,,,定員達し(募集なし),空,,,空きあり,空,,,空きあり,空,,,空きあり,空,,,空きあり,
56,licensed-61,太陽の子月島保育園,私立認可,月島,5歳児,-,,,定員達し(募集なし),空,,,空きあり,空,,,空きあり,空,,,空きあり,空,,,空きあり,
57,licensed-62,アンジェリカ月島保育園,私立認可,月島,0歳児(57日),-,,,定員達し(募集なし),／,,,受入なし(対象外),／,,,受入なし(対象外),／,,,受入なし(対象外),／,,,受入なし(対象外),
57,licensed-62,アンジェリカ月島保育園,私立認可,月島,0歳児(7か月),-,,,定員達し(募集なし),／,,,受入なし(対象外),／,,,受入なし(対象外),／,,,受入なし(対象外),／,,,受入なし(対象外),
57,licensed-62,アンジェリカ月島保育園,私立認可,月島,1歳児,M 38点以下,M,38点以下,内定あり,空,,,空きあり,空,,,空きあり,O 38点以下,O,38点以下,内定あり,P 38点以下,P,38点以下,内定あり,
57,licensed-62,アンジェリカ月島保育園,私立認可,月島,2歳児,C 38点以下,C,38点以下,内定あり,空,,,空きあり,空,,,空きあり,B 41点,B,41点,内定あり,A 41点,A,41点,内定あり,
57,licensed-62,アンジェリカ月島保育園,私立認可,月島,3歳児,B 40点,B,40点,内定あり,空,,,空きあり,空,,,空きあり,空,,,空きあり,空,,,空きあり,
57,licensed-62,アンジェリカ月島保育園,私立認可,月島,4歳児,-,,,定員達し(募集なし),空,,,空きあり,空,,,空きあり,空,,,空きあり,空,,,空きあり,
57,licensed-62,アンジェリカ月島保育園,私立認可,月島,5歳児,-,,,定員達し(募集なし),空,,,空きあり,空,,,空きあり,空,,,空きあり,空,,,空きあり,
58,licensed-63,クオリスキッズ月島保育園,私立認可,月島,0歳児(57日),未開園,,,未開園,／,,,受入なし(対象外),／,,,受入なし(対象外),／,,,受入なし(対象外),／,,,受入なし(対象外),
58,licensed-63,クオリスキッズ月島保育園,私立認可,月島,0歳児(7か月),未開園,,,未開園,／,,,受入なし(対象外),／,,,受入なし(対象外),／,,,受入なし(対象外),／,,,受入なし(対象外),
58,licensed-63,クオリスキッズ月島保育園,私立認可,月島,1歳児,未開園,,,未開園,空,,,空きあり,空,,,空きあり,空,,,空きあり,空,,,空きあり,
58,licensed-63,クオリスキッズ月島保育園,私立認可,月島,2歳児,未開園,,,未開園,空,,,空きあり,空,,,空きあり,C 40点,C,40点,内定あり,空,,,空きあり,
58,licensed-63,クオリスキッズ月島保育園,私立認可,月島,3歳児,未開園,,,未開園,空,,,空きあり,空,,,空きあり,空,,,空きあり,空,,,空きあり,
58,licensed-63,クオリスキッズ月島保育園,私立認可,月島,4歳児,未開園,,,未開園,空,,,空きあり,空,,,空きあり,空,,,空きあり,空,,,空きあり,
58,licensed-63,クオリスキッズ月島保育園,私立認可,月島,5歳児,未開園,,,未開園,空,,,空きあり,空,,,空きあり,空,,,空きあり,空,,,空きあり,
59,licensed-64,さくらさくみらい西仲通り,私立認可,月島,0歳児(57日),-,,,未開設,-,,,未開設,-,,,未開設,-,,,未開設,-,,,未開設,
59,licensed-64,さくらさくみらい西仲通り,私立認可,月島,0歳児(7か月),-,,,未開設,-,,,未開設,-,,,未開設,-,,,未開設,-,,,未開設,
59,licensed-64,さくらさくみらい西仲通り,私立認可,月島,1歳児,-,,,未開設,-,,,未開設,-,,,未開設,-,,,未開設,-,,,未開設,
59,licensed-64,さくらさくみらい西仲通り,私立認可,月島,2歳児,-,,,未開設,-,,,未開設,-,,,未開設,-,,,未開設,-,,,未開設,
59,licensed-64,さくらさくみらい西仲通り,私立認可,月島,3歳児,-,,,未開設,-,,,未開設,-,,,未開設,-,,,未開設,-,,,未開設,
59,licensed-64,さくらさくみらい西仲通り,私立認可,月島,4歳児,-,,,未開設,-,,,未開設,-,,,未開設,-,,,未開設,-,,,未開設,
59,licensed-64,さくらさくみらい西仲通り,私立認可,月島,5歳児,-,,,未開設,-,,,未開設,-,,,未開設,-,,,未開設,-,,,未開設,
60,licensed-65,月島雲母保育園,私立認可,月島,0歳児(57日),-,,,定員達し(募集なし),／,,,受入なし(対象外),／,,,受入なし(対象外),／,,,受入なし(対象外),／,,,受入なし(対象外),
60,licensed-65,月島雲母保育園,私立認可,月島,0歳児(7か月),I 40点,I,40点,内定あり,空,,,空きあり,空,,,空きあり,空,,,空きあり,空,,,空きあり,
60,licensed-65,月島雲母保育園,私立認可,月島,1歳児,G 40点,G,40点,内定あり,K 40点,K,40点,内定あり,O 38点以下,O,38点以下,内定あり,空,,,空きあり,M 40点,M,40点,内定あり,
60,licensed-65,月島雲母保育園,私立認可,月島,2歳児,D 38点以下,D,38点以下,内定あり,B 40点,B,40点,内定あり,-,,,定員達し(募集なし),-,,,定員達し(募集なし),空,,,空きあり,
60,licensed-65,月島雲母保育園,私立認可,月島,3歳児,-,,,定員達し(募集なし),空,,,空きあり,空,,,空きあり,空,,,空きあり,空,,,空きあり,
60,licensed-65,月島雲母保育園,私立認可,月島,4歳児,-,,,定員達し(募集なし),空,,,空きあり,空,,,空きあり,空,,,空きあり,空,,,空きあり,
60,licensed-65,月島雲母保育園,私立認可,月島,5歳児,-,,,定員達し(募集なし),-,,,定員達し(募集なし),空,,,空きあり,空,,,空きあり,空,,,空きあり,
61,licensed-66,さくらさくみらい東仲通り,私立認可,月島,0歳児(57日),-,,,定員達し(募集なし),／,,,受入なし(対象外),／,,,受入なし(対象外),／,,,受入なし(対象外),／,,,受入なし(対象外),
61,licensed-66,さくらさくみらい東仲通り,私立認可,月島,0歳児(7か月),-,,,定員達し(募集なし),／,,,受入なし(対象外),／,,,受入なし(対象外),／,,,受入なし(対象外),／,,,受入なし(対象外),
61,licensed-66,さくらさくみらい東仲通り,私立認可,月島,1歳児,M 38点以下,M,38点以下,内定あり,空,,,空きあり,空,,,空きあり,空,,,空きあり,空,,,空きあり,
61,licensed-66,さくらさくみらい東仲通り,私立認可,月島,2歳児,-,,,定員達し(募集なし),空,,,空きあり,空,,,空きあり,-,,,定員達し(募集なし),D 38点以下,D,38点以下,内定あり,
61,licensed-66,さくらさくみらい東仲通り,私立認可,月島,3歳児,-,,,定員達し(募集なし),空,,,空きあり,空,,,空きあり,空,,,空きあり,空,,,空きあり,
61,licensed-66,さくらさくみらい東仲通り,私立認可,月島,4歳児,-,,,定員達し(募集なし),A 43点以上,A,43点以上,内定あり,空,,,空きあり,空,,,空きあり,空,,,空きあり,
61,licensed-66,さくらさくみらい東仲通り,私立認可,月島,5歳児,-,,,定員達し(募集なし),空,,,空きあり,空,,,空きあり,空,,,空きあり,空,,,空きあり,
62,licensed-67,さくらさくみらい月の岬,私立認可,月島,0歳児(57日),-,,,定員達し(募集なし),／,,,受入なし(対象外),／,,,受入なし(対象外),／,,,受入なし(対象外),／,,,受入なし(対象外),
62,licensed-67,さくらさくみらい月の岬,私立認可,月島,0歳児(7か月),-,,,定員達し(募集なし),／,,,受入なし(対象外),／,,,受入なし(対象外),／,,,受入なし(対象外),／,,,受入なし(対象外),
62,licensed-67,さくらさくみらい月の岬,私立認可,月島,1歳児,J 40点,J,40点,内定あり,空,,,空きあり,空,,,空きあり,空,,,空きあり,空,,,空きあり,
62,licensed-67,さくらさくみらい月の岬,私立認可,月島,2歳児,C 38点以下,C,38点以下,内定あり,空,,,空きあり,空,,,空きあり,-,,,定員達し(募集なし),D 38点以下,D,38点以下,内定あり,
62,licensed-67,さくらさくみらい月の岬,私立認可,月島,3歳児,B 40点,B,40点,内定あり,空,,,空きあり,空,,,空きあり,空,,,空きあり,空,,,空きあり,
62,licensed-67,さくらさくみらい月の岬,私立認可,月島,4歳児,A 40点,A,40点,内定あり,-,,,定員達し(募集なし),空,,,空きあり,空,,,空きあり,空,,,空きあり,
62,licensed-67,さくらさくみらい月の岬,私立認可,月島,5歳児,-,,,定員達し(募集なし),-,,,定員達し(募集なし),空,,,空きあり,空,,,空きあり,空,,,空きあり,
63,licensed-68,月島聖ルカ保育園,私立認可,月島,0歳児(57日),H 40点,H,40点,内定あり,F 40点,F,40点,内定あり,H 38点以下,H,38点以下,内定あり,F 40点,F,40点,内定あり,H 40点,H,40点,内定あり,"2024,2025,2026年は57日・7か月合同募集枠"
63,licensed-68,月島聖ルカ保育園,私立認可,月島,0歳児(7か月),E 40点,E,40点,内定あり,空,,,空きあり,H 38点以下,H,38点以下,内定あり,F 40点,F,40点,内定あり,H 40点,H,40点,内定あり,"2024,2025,2026年は57日・7か月合同募集枠"
63,licensed-68,月島聖ルカ保育園,私立認可,月島,1歳児,J 40点,J,40点,内定あり,G 40点,G,40点,内定あり,M 40点,M,40点,内定あり,I 40点,I,40点,内定あり,M 40点,M,40点,内定あり,
63,licensed-68,月島聖ルカ保育園,私立認可,月島,2歳児,B 40点,B,40点,内定あり,空,,,空きあり,D 40点,D,40点,内定あり,-,,,定員達し(募集なし),A 41点,A,41点,内定あり,
63,licensed-68,月島聖ルカ保育園,私立認可,月島,3歳児,-,,,定員達し(募集なし),空,,,空きあり,-,,,定員達し(募集なし),空,,,空きあり,-,,,定員達し(募集なし),
63,licensed-68,月島聖ルカ保育園,私立認可,月島,4歳児,-,,,定員達し(募集なし),-,,,定員達し(募集なし),空,,,空きあり,A 41点,A,41点,内定あり,-,,,定員達し(募集なし),
63,licensed-68,月島聖ルカ保育園,私立認可,月島,5歳児,-,,,定員達し(募集なし),-,,,定員達し(募集なし),-,,,定員達し(募集なし),空,,,空きあり,空,,,空きあり,
64,licensed-69,勝どきちとせ保育園,私立認可,月島,0歳児(57日),-,,,定員達し(募集なし),／,,,受入なし(対象外),／,,,受入なし(対象外),／,,,受入なし(対象外),／,,,受入なし(対象外),
64,licensed-69,勝どきちとせ保育園,私立認可,月島,0歳児(7か月),A 43点以上,A,43点以上,内定あり,空,,,空きあり,G 40点,G,40点,内定あり,空,,,空きあり,G 40点,G,40点,内定あり,
64,licensed-69,勝どきちとせ保育園,私立認可,月島,1歳児,F 40点,F,40点,内定あり,K 40点,K,40点,内定あり,L 40点,L,40点,内定あり,L 40点,L,40点,内定あり,G 40点,G,40点,内定あり,
64,licensed-69,勝どきちとせ保育園,私立認可,月島,2歳児,B 40点,B,40点,内定あり,A 41点,A,41点,内定あり,E 39点,E,39点,内定あり,B 40点,B,40点,内定あり,D 38点以下,D,38点以下,内定あり,
64,licensed-69,勝どきちとせ保育園,私立認可,月島,3歳児,B 41点,B,41点,内定あり,空,,,空きあり,空,,,空きあり,空,,,空きあり,D 38点以下,D,38点以下,内定あり,
64,licensed-69,勝どきちとせ保育園,私立認可,月島,4歳児,B 40点,B,40点,内定あり,空,,,空きあり,C 39点,C,39点,内定あり,空,,,空きあり,空,,,空きあり,
64,licensed-69,勝どきちとせ保育園,私立認可,月島,5歳児,-,,,定員達し(募集なし),空,,,空きあり,空,,,空きあり,-,,,定員達し(募集なし),空,,,空きあり,
65,licensed-70,まなびの森保育園勝どき,私立認可,月島,0歳児(57日),-,,,定員達し(募集なし),G 38点以下,G,38点以下,内定あり,E 40点,E,40点,内定あり,I 38点以下,I,38点以下,内定あり,F 40点,F,40点,内定あり,"2023,2024,2025,2026年は57日・7か月合同募集枠"
65,licensed-70,まなびの森保育園勝どき,私立認可,月島,0歳児(7か月),I 40点,I,40点,内定あり,G 38点以下,G,38点以下,内定あり,E 40点,E,40点,内定あり,I 38点以下,I,38点以下,内定あり,F 40点,F,40点,内定あり,"2023,2024,2025,2026年は57日・7か月合同募集枠"
65,licensed-70,まなびの森保育園勝どき,私立認可,月島,1歳児,J 40点,J,40点,内定あり,I 40点,I,40点,内定あり,K 40点,K,40点,内定あり,M 40点,M,40点,内定あり,N 40点,N,40点,内定あり,
65,licensed-70,まなびの森保育園勝どき,私立認可,月島,2歳児,-,,,定員達し(募集なし),空,,,空きあり,-,,,定員達し(募集なし),-,,,定員達し(募集なし),-,,,定員達し(募集なし),
65,licensed-70,まなびの森保育園勝どき,私立認可,月島,3歳児,-,,,定員達し(募集なし),A 43点以上,A,43点以上,内定あり,B 41点,B,41点,内定あり,B 41点,B,41点,内定あり,空,,,空きあり,
65,licensed-70,まなびの森保育園勝どき,私立認可,月島,4歳児,A 43点以上,A,43点以上,内定あり,空,,,空きあり,B 40点,B,40点,内定あり,-,,,定員達し(募集なし),-,,,定員達し(募集なし),
65,licensed-70,まなびの森保育園勝どき,私立認可,月島,5歳児,-,,,定員達し(募集なし),空,,,空きあり,-,,,定員達し(募集なし),-,,,定員達し(募集なし),A 43点以上,A,43点以上,内定あり,
66,licensed-71,ほっぺるランド勝どき,私立認可,月島,0歳児(57日),-,,,定員達し(募集なし),／,,,受入なし(対象外),／,,,受入なし(対象外),／,,,受入なし(対象外),／,,,受入なし(対象外),
66,licensed-71,ほっぺるランド勝どき,私立認可,月島,0歳児(7か月),H 40点,H,40点,内定あり,空,,,空きあり,空,,,空きあり,空,,,空きあり,空,,,空きあり,
66,licensed-71,ほっぺるランド勝どき,私立認可,月島,1歳児,G 40点,G,40点,内定あり,J 40点,J,40点,内定あり,I 40点,I,40点,内定あり,K 40点,K,40点,内定あり,G 40点,G,40点,内定あり,
66,licensed-71,ほっぺるランド勝どき,私立認可,月島,2歳児,C 40点,C,40点,内定あり,空,,,空きあり,空,,,空きあり,B 40点,B,40点,内定あり,C 39点,C,39点,内定あり,
66,licensed-71,ほっぺるランド勝どき,私立認可,月島,3歳児,B 39点,B,39点,内定あり,空,,,空きあり,空,,,空きあり,空,,,空きあり,D 38点以下,D,38点以下,内定あり,
66,licensed-71,ほっぺるランド勝どき,私立認可,月島,4歳児,-,,,定員達し(募集なし),空,,,空きあり,空,,,空きあり,空,,,空きあり,空,,,空きあり,
66,licensed-71,ほっぺるランド勝どき,私立認可,月島,5歳児,-,,,定員達し(募集なし),空,,,空きあり,空,,,空きあり,空,,,空きあり,空,,,空きあり,
67,licensed-72,ほっぺるランド清澄通り勝どき,私立認可,月島,0歳児(57日),-,,,定員達し(募集なし),／,,,受入なし(対象外),／,,,受入なし(対象外),／,,,受入なし(対象外),／,,,受入なし(対象外),
67,licensed-72,ほっぺるランド清澄通り勝どき,私立認可,月島,0歳児(7か月),-,,,定員達し(募集なし),／,,,受入なし(対象外),／,,,受入なし(対象外),／,,,受入なし(対象外),／,,,受入なし(対象外),
67,licensed-72,ほっぺるランド清澄通り勝どき,私立認可,月島,1歳児,L 40点,L,40点,内定あり,空,,,空きあり,N 40点,N,40点,内定あり,N 40点,N,40点,内定あり,N 40点,N,40点,内定あり,
67,licensed-72,ほっぺるランド清澄通り勝どき,私立認可,月島,2歳児,D 38点以下,D,38点以下,内定あり,B 40点,B,40点,内定あり,空,,,空きあり,B 40点,B,40点,内定あり,A 42点,A,42点,内定あり,
67,licensed-72,ほっぺるランド清澄通り勝どき,私立認可,月島,3歳児,C 38点以下,C,38点以下,内定あり,空,,,空きあり,空,,,空きあり,空,,,空きあり,空,,,空きあり,
67,licensed-72,ほっぺるランド清澄通り勝どき,私立認可,月島,4歳児,B 38点以下,B,38点以下,内定あり,空,,,空きあり,空,,,空きあり,空,,,空きあり,空,,,空きあり,
67,licensed-72,ほっぺるランド清澄通り勝どき,私立認可,月島,5歳児,-,,,定員達し(募集なし),空,,,空きあり,空,,,空きあり,空,,,空きあり,空,,,空きあり,
68,licensed-73,さくらさくみらいパークタワー勝どき,私立認可,月島,0歳児(57日),未開園,,,未開園,未開園,,,未開園,／,,,受入なし(対象外),／,,,受入なし(対象外),／,,,受入なし(対象外),
68,licensed-73,さくらさくみらいパークタワー勝どき,私立認可,月島,0歳児(7か月),未開園,,,未開園,未開園,,,未開園,／,,,受入なし(対象外),／,,,受入なし(対象外),／,,,受入なし(対象外),
68,licensed-73,さくらさくみらいパークタワー勝どき,私立認可,月島,1歳児,未開園,,,未開園,未開園,,,未開園,G 40点,G,40点,内定あり,L 40点,L,40点,内定あり,F 40点,F,40点,内定あり,
68,licensed-73,さくらさくみらいパークタワー勝どき,私立認可,月島,2歳児,未開園,,,未開園,未開園,,,未開園,D 39点,D,39点,内定あり,A 42点,A,42点,内定あり,A 42点,A,42点,内定あり,
68,licensed-73,さくらさくみらいパークタワー勝どき,私立認可,月島,3歳児,未開園,,,未開園,未開園,,,未開園,E 38点以下,E,38点以下,内定あり,C 38点以下,C,38点以下,内定あり,-,,,定員達し(募集なし),
68,licensed-73,さくらさくみらいパークタワー勝どき,私立認可,月島,4歳児,未開園,,,未開園,未開園,,,未開園,A 41点,A,41点,内定あり,空,,,空きあり,空,,,空きあり,
68,licensed-73,さくらさくみらいパークタワー勝どき,私立認可,月島,5歳児,未開園,,,未開園,未開園,,,未開園,空,,,空きあり,空,,,空きあり,空,,,空きあり,
69,licensed-74,さくらさくみらい 勝どき,私立認可,月島,0歳児(57日),未開園,,,未開園,／,,,受入なし(対象外),／,,,受入なし(対象外),／,,,受入なし(対象外),／,,,受入なし(対象外),
69,licensed-74,さくらさくみらい 勝どき,私立認可,月島,0歳児(7か月),未開園,,,未開園,／,,,受入なし(対象外),／,,,受入なし(対象外),／,,,受入なし(対象外),／,,,受入なし(対象外),
69,licensed-74,さくらさくみらい 勝どき,私立認可,月島,1歳児,未開園,,,未開園,空,,,空きあり,K 40点,K,40点,内定あり,M 40点,M,40点,内定あり,M 40点,M,40点,内定あり,
69,licensed-74,さくらさくみらい 勝どき,私立認可,月島,2歳児,未開園,,,未開園,B 40点,B,40点,内定あり,E 39点,E,39点,内定あり,-,,,定員達し(募集なし),-,,,定員達し(募集なし),
69,licensed-74,さくらさくみらい 勝どき,私立認可,月島,3歳児,未開園,,,未開園,空,,,空きあり,空,,,空きあり,A 41点,A,41点,内定あり,A 43点以上,A,43点以上,内定あり,
69,licensed-74,さくらさくみらい 勝どき,私立認可,月島,4歳児,未開園,,,未開園,空,,,空きあり,B 40点,B,40点,内定あり,-,,,定員達し(募集なし),空,,,空きあり,
69,licensed-74,さくらさくみらい 勝どき,私立認可,月島,5歳児,未開園,,,未開園,空,,,空きあり,空,,,空きあり,空,,,空きあり,空,,,空きあり,
70,licensed-75,アスク勝どき保育園,私立認可,月島,0歳児(57日),-,,,定員達し(募集なし),F 40点,F,40点,内定あり,E 40点,E,40点,内定あり,D 40点,D,40点,内定あり,G 40点,G,40点,内定あり,"2023,2024,2025,2026年は57日・7か月合同募集枠"
70,licensed-75,アスク勝どき保育園,私立認可,月島,0歳児(7か月),D 40点,D,40点,内定あり,F 40点,F,40点,内定あり,E 40点,E,40点,内定あり,D 40点,D,40点,内定あり,G 40点,G,40点,内定あり,"2023,2024,2025,2026年は57日・7か月合同募集枠"
70,licensed-75,アスク勝どき保育園,私立認可,月島,1歳児,I 40点,I,40点,内定あり,G 40点,G,40点,内定あり,H 40点,H,40点,内定あり,M 40点,M,40点,内定あり,C 43点以上,C,43点以上,内定あり,
70,licensed-75,アスク勝どき保育園,私立認可,月島,2歳児,-,,,定員達し(募集なし),-,,,定員達し(募集なし),A 41点,A,41点,内定あり,-,,,定員達し(募集なし),-,,,定員達し(募集なし),
70,licensed-75,アスク勝どき保育園,私立認可,月島,3歳児,-,,,定員達し(募集なし),A 41点,A,41点,内定あり,空,,,空きあり,-,,,定員達し(募集なし),-,,,定員達し(募集なし),
70,licensed-75,アスク勝どき保育園,私立認可,月島,4歳児,-,,,定員達し(募集なし),空,,,空きあり,C 38点以下,C,38点以下,内定あり,空,,,空きあり,空,,,空きあり,
70,licensed-75,アスク勝どき保育園,私立認可,月島,5歳児,-,,,定員達し(募集なし),空,,,空きあり,B 38点以下,B,38点以下,内定あり,空,,,空きあり,空,,,空きあり,
71,licensed-76,ベネッセ勝どき保育園,私立認可,月島,0歳児(57日),-,,,定員達し(募集なし),／,,,受入なし(対象外),／,,,受入なし(対象外),／,,,受入なし(対象外),／,,,受入なし(対象外),
71,licensed-76,ベネッセ勝どき保育園,私立認可,月島,0歳児(7か月),-,,,定員達し(募集なし),／,,,受入なし(対象外),／,,,受入なし(対象外),／,,,受入なし(対象外),／,,,受入なし(対象外),
71,licensed-76,ベネッセ勝どき保育園,私立認可,月島,1歳児,K 40点,K,40点,内定あり,空,,,空きあり,F 40点,F,40点,内定あり,L 40点,L,40点,内定あり,N 40点,N,40点,内定あり,
71,licensed-76,ベネッセ勝どき保育園,私立認可,月島,2歳児,-,,,定員達し(募集なし),空,,,空きあり,A 41点,A,41点,内定あり,-,,,定員達し(募集なし),B 40点,B,40点,内定あり,
71,licensed-76,ベネッセ勝どき保育園,私立認可,月島,3歳児,-,,,定員達し(募集なし),A 43点以上,A,43点以上,内定あり,空,,,空きあり,空,,,空きあり,空,,,空きあり,
71,licensed-76,ベネッセ勝どき保育園,私立認可,月島,4歳児,-,,,定員達し(募集なし),空,,,空きあり,C 39点,C,39点,内定あり,空,,,空きあり,空,,,空きあり,
71,licensed-76,ベネッセ勝どき保育園,私立認可,月島,5歳児,-,,,定員達し(募集なし),空,,,空きあり,空,,,空きあり,空,,,空きあり,空,,,空きあり,
72,licensed-77,ほっぺるランド新島橋かちどき,私立認可,月島,0歳児(57日),F 40点,F,40点,内定あり,E 40点,E,40点,内定あり,空,,,空きあり,H 40点,H,40点,内定あり,E 40点,E,40点,内定あり,
72,licensed-77,ほっぺるランド新島橋かちどき,私立認可,月島,0歳児(7か月),H 40点,H,40点,内定あり,空,,,空きあり,空,,,空きあり,E 40点,E,40点,内定あり,I 38点以下,I,38点以下,内定あり,
72,licensed-77,ほっぺるランド新島橋かちどき,私立認可,月島,1歳児,L 40点,L,40点,内定あり,空,,,空きあり,K 40点,K,40点,内定あり,K 40点,K,40点,内定あり,K 40点,K,40点,内定あり,
72,licensed-77,ほっぺるランド新島橋かちどき,私立認可,月島,2歳児,B 40点,B,40点,内定あり,B 40点,B,40点,内定あり,C 40点,C,40点,内定あり,-,,,定員達し(募集なし),-,,,定員達し(募集なし),
72,licensed-77,ほっぺるランド新島橋かちどき,私立認可,月島,3歳児,-,,,定員達し(募集なし),空,,,空きあり,空,,,空きあり,空,,,空きあり,空,,,空きあり,
72,licensed-77,ほっぺるランド新島橋かちどき,私立認可,月島,4歳児,A 41点,A,41点,内定あり,空,,,空きあり,空,,,空きあり,空,,,空きあり,空,,,空きあり,
72,licensed-77,ほっぺるランド新島橋かちどき,私立認可,月島,5歳児,-,,,定員達し(募集なし),空,,,空きあり,空,,,空きあり,空,,,空きあり,空,,,空きあり,
73,licensed-78,インターナショナル勝どきえほん保育園,私立認可,月島,0歳児(57日),-,,,定員達し(募集なし),／,,,受入なし(対象外),／,,,受入なし(対象外),／,,,受入なし(対象外),／,,,受入なし(対象外),
73,licensed-78,インターナショナル勝どきえほん保育園,私立認可,月島,0歳児(7か月),-,,,定員達し(募集なし),／,,,受入なし(対象外),／,,,受入なし(対象外),／,,,受入なし(対象外),／,,,受入なし(対象外),
73,licensed-78,インターナショナル勝どきえほん保育園,私立認可,月島,1歳児,F 40点,F,40点,内定あり,空,,,空きあり,N 40点,N,40点,内定あり,L 40点,L,40点,内定あり,L 40点,L,40点,内定あり,
73,licensed-78,インターナショナル勝どきえほん保育園,私立認可,月島,2歳児,C 39点,C,39点,内定あり,空,,,空きあり,F 38点以下,F,38点以下,内定あり,B 40点,B,40点,内定あり,B 40点,B,40点,内定あり,
73,licensed-78,インターナショナル勝どきえほん保育園,私立認可,月島,3歳児,A 41点,A,41点,内定あり,B 38点以下,B,38点以下,内定あり,空,,,空きあり,空,,,空きあり,C 40点,C,40点,内定あり,
73,licensed-78,インターナショナル勝どきえほん保育園,私立認可,月島,4歳児,A 41点,A,41点,内定あり,空,,,空きあり,空,,,空きあり,空,,,空きあり,空,,,空きあり,
73,licensed-78,インターナショナル勝どきえほん保育園,私立認可,月島,5歳児,-,,,定員達し(募集なし),空,,,空きあり,空,,,空きあり,空,,,空きあり,空,,,空きあり,
74,licensed-79,ニチイキッズさわやか 勝どき6丁目保育園,私立認可,月島,0歳児(57日),-,,,定員達し(募集なし),／,,,受入なし(対象外),空,,,空きあり,H 39点,H,39点,内定あり,I 38点以下,I,38点以下,内定あり,"2024,2025,2026年は57日・7か月合同募集枠"
74,licensed-79,ニチイキッズさわやか 勝どき6丁目保育園,私立認可,月島,0歳児(7か月),A 43点以上,A,43点以上,内定あり,空,,,空きあり,空,,,空きあり,H 39点,H,39点,内定あり,I 38点以下,I,38点以下,内定あり,"2024,2025,2026年は57日・7か月合同募集枠"
74,licensed-79,ニチイキッズさわやか 勝どき6丁目保育園,私立認可,月島,1歳児,J 40点,J,40点,内定あり,空,,,空きあり,N 39点,N,39点,内定あり,M 40点,M,40点,内定あり,M 40点,M,40点,内定あり,
74,licensed-79,ニチイキッズさわやか 勝どき6丁目保育園,私立認可,月島,2歳児,C 38点以下,C,38点以下,内定あり,-,,,定員達し(募集なし),D 40点,D,40点,内定あり,-,,,定員達し(募集なし),B 40点,B,40点,内定あり,
74,licensed-79,ニチイキッズさわやか 勝どき6丁目保育園,私立認可,月島,3歳児,-,,,定員達し(募集なし),／,,,受入なし(対象外),空,,,空きあり,空,,,空きあり,D 38点以下,D,38点以下,内定あり,
74,licensed-79,ニチイキッズさわやか 勝どき6丁目保育園,私立認可,月島,4歳児,-,,,定員達し(募集なし),／,,,受入なし(対象外),空,,,空きあり,空,,,空きあり,空,,,空きあり,
74,licensed-79,ニチイキッズさわやか 勝どき6丁目保育園,私立認可,月島,5歳児,-,,,定員達し(募集なし),／,,,受入なし(対象外),空,,,空きあり,空,,,空きあり,空,,,空きあり,
75,licensed-81,太陽の子晴海トリトン保育園,私立認可,月島,0歳児(57日),-,,,定員達し(募集なし),／,,,受入なし(対象外),／,,,受入なし(対象外),／,,,受入なし(対象外),／,,,受入なし(対象外),
75,licensed-81,太陽の子晴海トリトン保育園,私立認可,月島,0歳児(7か月),-,,,定員達し(募集なし),／,,,受入なし(対象外),／,,,受入なし(対象外),／,,,受入なし(対象外),／,,,受入なし(対象外),
75,licensed-81,太陽の子晴海トリトン保育園,私立認可,月島,1歳児,J 40点,J,40点,内定あり,J 40点,J,40点,内定あり,K 40点,K,40点,内定あり,K 40点,K,40点,内定あり,M 40点,M,40点,内定あり,
75,licensed-81,太陽の子晴海トリトン保育園,私立認可,月島,2歳児,B 40点,B,40点,内定あり,B 40点,B,40点,内定あり,D 40点,D,40点,内定あり,C 40点,C,40点,内定あり,B 40点,B,40点,内定あり,
75,licensed-81,太陽の子晴海トリトン保育園,私立認可,月島,3歳児,C 38点以下,C,38点以下,内定あり,A 43点以上,A,43点以上,内定あり,空,,,空きあり,空,,,空きあり,C 40点,C,40点,内定あり,
75,licensed-81,太陽の子晴海トリトン保育園,私立認可,月島,4歳児,B 38点以下,B,38点以下,内定あり,空,,,空きあり,空,,,空きあり,空,,,空きあり,A 41点,A,41点,内定あり,
75,licensed-81,太陽の子晴海トリトン保育園,私立認可,月島,5歳児,A 41点,A,41点,内定あり,空,,,空きあり,-,,,定員達し(募集なし),空,,,空きあり,空,,,空きあり,
76,licensed-82,ピノキオ幼児舎HARUMI保育園,私立認可,月島,0歳児(57日),未開園,,,未開園,未開園,,,未開園,未開園,,,未開園,未開園,,,未開園,／,,,受入なし(対象外),
76,licensed-82,ピノキオ幼児舎HARUMI保育園,私立認可,月島,0歳児(7か月),未開園,,,未開園,未開園,,,未開園,未開園,,,未開園,未開園,,,未開園,／,,,受入なし(対象外),
76,licensed-82,ピノキオ幼児舎HARUMI保育園,私立認可,月島,1歳児,未開園,,,未開園,未開園,,,未開園,未開園,,,未開園,未開園,,,未開園,L 40点,L,40点,内定あり,
76,licensed-82,ピノキオ幼児舎HARUMI保育園,私立認可,月島,2歳児,未開園,,,未開園,未開園,,,未開園,未開園,,,未開園,未開園,,,未開園,D 38点以下,D,38点以下,内定あり,
76,licensed-82,ピノキオ幼児舎HARUMI保育園,私立認可,月島,3歳児,未開園,,,未開園,未開園,,,未開園,未開園,,,未開園,未開園,,,未開園,空,,,空きあり,
76,licensed-82,ピノキオ幼児舎HARUMI保育園,私立認可,月島,4歳児,未開園,,,未開園,未開園,,,未開園,未開園,,,未開園,未開園,,,未開園,空,,,空きあり,
76,licensed-82,ピノキオ幼児舎HARUMI保育園,私立認可,月島,5歳児,未開園,,,未開園,未開園,,,未開園,未開園,,,未開園,未開園,,,未開園,空,,,空きあり,
77,licensed-83,ポピンズナーサリースクール晴海,私立認可,月島,0歳児(57日),-,,,定員達し(募集なし),／,,,受入なし(対象外),C 40点,C,40点,内定あり,E 40点,E,40点,内定あり,H 40点,H,40点,内定あり,"2024,2025,2026年は57日・7か月合同募集枠"
77,licensed-83,ポピンズナーサリースクール晴海,私立認可,月島,0歳児(7か月),-,,,定員達し(募集なし),／,,,受入なし(対象外),C 40点,C,40点,内定あり,E 40点,E,40点,内定あり,H 40点,H,40点,内定あり,"2024,2025,2026年は57日・7か月合同募集枠"
77,licensed-83,ポピンズナーサリースクール晴海,私立認可,月島,1歳児,-,,,定員達し(募集なし),／,,,受入なし(対象外),L 40点,L,40点,内定あり,空,,,空きあり,N 40点,N,40点,内定あり,
77,licensed-83,ポピンズナーサリースクール晴海,私立認可,月島,2歳児,A 41点,A,41点,内定あり,A 43点以上,A,43点以上,内定あり,C 40点,C,40点,内定あり,-,,,定員達し(募集なし),C 40点,C,40点,内定あり,
77,licensed-83,ポピンズナーサリースクール晴海,私立認可,月島,3歳児,-,,,定員達し(募集なし),B 39点,B,39点,内定あり,E 38点以下,E,38点以下,内定あり,C 38点以下,C,38点以下,内定あり,C 40点,C,40点,内定あり,
77,licensed-83,ポピンズナーサリースクール晴海,私立認可,月島,4歳児,-,,,定員達し(募集なし),空,,,空きあり,C 39点,C,39点,内定あり,空,,,空きあり,空,,,空きあり,
77,licensed-83,ポピンズナーサリースクール晴海,私立認可,月島,5歳児,A 41点,A,41点,内定あり,空,,,空きあり,B 40点,B,40点,内定あり,-,,,定員達し(募集なし),空,,,空きあり,
78,licensed-85,さくらさくみらい 晴海,私立認可,月島,0歳児(57日),F 40点,F,40点,内定あり,空,,,空きあり,空,,,空きあり,I 38点以下,I,38点以下,内定あり,I 38点以下,I,38点以下,内定あり,
78,licensed-85,さくらさくみらい 晴海,私立認可,月島,0歳児(7か月),I 40点,I,40点,内定あり,空,,,空きあり,空,,,空きあり,G 40点,G,40点,内定あり,I 38点以下,I,38点以下,内定あり,
78,licensed-85,さくらさくみらい 晴海,私立認可,月島,1歳児,K 40点,K,40点,内定あり,I 40点,I,40点,内定あり,H 40点,H,40点,内定あり,M 40点,M,40点,内定あり,L 40点,L,40点,内定あり,
78,licensed-85,さくらさくみらい 晴海,私立認可,月島,2歳児,-,,,定員達し(募集なし),空,,,空きあり,E 38点以下,E,38点以下,内定あり,-,,,定員達し(募集なし),C 40点,C,40点,内定あり,
78,licensed-85,さくらさくみらい 晴海,私立認可,月島,3歳児,-,,,定員達し(募集なし),／,,,受入なし(対象外),／,,,受入なし(対象外),／,,,受入なし(対象外),空,,,空きあり,
78,licensed-85,さくらさくみらい 晴海,私立認可,月島,4歳児,-,,,定員達し(募集なし),／,,,受入なし(対象外),／,,,受入なし(対象外),／,,,受入なし(対象外),空,,,空きあり,
78,licensed-85,さくらさくみらい 晴海,私立認可,月島,5歳児,-,,,定員達し(募集なし),／,,,受入なし(対象外),／,,,受入なし(対象外),／,,,受入なし(対象外),空,,,空きあり,
79,licensed-86,小学館アカデミー晴海保育園,私立認可,月島,0歳児(57日),C 40点,C,40点,内定あり,C 40点,C,40点,内定あり,H 38点以下,H,38点以下,内定あり,H 40点,H,40点,内定あり,H 40点,H,40点,内定あり,
79,licensed-86,小学館アカデミー晴海保育園,私立認可,月島,0歳児(7か月),I 38点以下,I,38点以下,内定あり,空,,,空きあり,空,,,空きあり,F 40点,F,40点,内定あり,E 40点,E,40点,内定あり,
79,licensed-86,小学館アカデミー晴海保育園,私立認可,月島,1歳児,D 43点以上,D,43点以上,内定あり,F 40点,F,40点,内定あり,L 40点,L,40点,内定あり,H 40点,H,40点,内定あり,F 40点,F,40点,内定あり,
79,licensed-86,小学館アカデミー晴海保育園,私立認可,月島,2歳児,B 41点,B,41点,内定あり,B 40点,B,40点,内定あり,-,,,定員達し(募集なし),-,,,定員達し(募集なし),D 38点以下,D,38点以下,内定あり,
79,licensed-86,小学館アカデミー晴海保育園,私立認可,月島,3歳児,-,,,定員達し(募集なし),／,,,受入なし(対象外),空,,,空きあり,空,,,空きあり,空,,,空きあり,
79,licensed-86,小学館アカデミー晴海保育園,私立認可,月島,4歳児,-,,,定員達し(募集なし),／,,,受入なし(対象外),C 38点以下,C,38点以下,内定あり,空,,,空きあり,空,,,空きあり,
79,licensed-86,小学館アカデミー晴海保育園,私立認可,月島,5歳児,-,,,定員達し(募集なし),／,,,受入なし(対象外),-,,,定員達し(募集なし),-,,,定員達し(募集なし),-,,,定員達し(募集なし),
80,licensed-88,アスク晴海3丁目保育園,私立認可,月島,0歳児(57日),-,,,定員達し(募集なし),D 40点,D,40点,内定あり,G 40点,G,40点,内定あり,E 40点,E,40点,内定あり,H 40点,H,40点,内定あり,"2023,2024,2025,2026年は57日・7か月合同募集枠"
80,licensed-88,アスク晴海3丁目保育園,私立認可,月島,0歳児(7か月),-,,,定員達し(募集なし),D 40点,D,40点,内定あり,G 40点,G,40点,内定あり,E 40点,E,40点,内定あり,H 40点,H,40点,内定あり,"2023,2024,2025,2026年は57日・7か月合同募集枠"
80,licensed-88,アスク晴海3丁目保育園,私立認可,月島,1歳児,E 40点,E,40点,内定あり,I 40点,I,40点,内定あり,L 40点,L,40点,内定あり,L 40点,L,40点,内定あり,J 40点,J,40点,内定あり,
80,licensed-88,アスク晴海3丁目保育園,私立認可,月島,2歳児,-,,,定員達し(募集なし),B 40点,B,40点,内定あり,B 40点,B,40点,内定あり,-,,,定員達し(募集なし),-,,,定員達し(募集なし),
80,licensed-88,アスク晴海3丁目保育園,私立認可,月島,3歳児,-,,,定員達し(募集なし),-,,,定員達し(募集なし),-,,,定員達し(募集なし),-,,,定員達し(募集なし),-,,,定員達し(募集なし),
80,licensed-88,アスク晴海3丁目保育園,私立認可,月島,4歳児,-,,,定員達し(募集なし),空,,,空きあり,B 39点,B,39点,内定あり,空,,,空きあり,-,,,定員達し(募集なし),
80,licensed-88,アスク晴海3丁目保育園,私立認可,月島,5歳児,-,,,定員達し(募集なし),-,,,定員達し(募集なし),-,,,定員達し(募集なし),空,,,空きあり,空,,,空きあり,
81,licensed-89,ポピンズナーサリースクールららテラス HARUMI FLAG,私立認可,月島,0歳児(57日),未開園,,,未開園,未開園,,,未開園,B 41点,B,41点,内定あり,C 41点,C,41点,内定あり,C 40点,C,40点,内定あり,"2024,2025,2026年は57日・7か月合同募集枠"
81,licensed-89,ポピンズナーサリースクールららテラス HARUMI FLAG,私立認可,月島,0歳児(7か月),未開園,,,未開園,未開園,,,未開園,B 41点,B,41点,内定あり,C 41点,C,41点,内定あり,C 40点,C,40点,内定あり,"2024,2025,2026年は57日・7か月合同募集枠"
81,licensed-89,ポピンズナーサリースクールららテラス HARUMI FLAG,私立認可,月島,1歳児,未開園,,,未開園,未開園,,,未開園,M 40点,M,40点,内定あり,K 40点,K,40点,内定あり,J 40点,J,40点,内定あり,
81,licensed-89,ポピンズナーサリースクールららテラス HARUMI FLAG,私立認可,月島,2歳児,未開園,,,未開園,未開園,,,未開園,E 39点,E,39点,内定あり,A 42点,A,42点,内定あり,A 41点,A,41点,内定あり,
81,licensed-89,ポピンズナーサリースクールららテラス HARUMI FLAG,私立認可,月島,3歳児,未開園,,,未開園,未開園,,,未開園,D 40点,D,40点,内定あり,B 41点,B,41点,内定あり,A 42点,A,42点,内定あり,
81,licensed-89,ポピンズナーサリースクールららテラス HARUMI FLAG,私立認可,月島,4歳児,未開園,,,未開園,未開園,,,未開園,B 40点,B,40点,内定あり,A 40点,A,40点,内定あり,-,,,定員達し(募集なし),
81,licensed-89,ポピンズナーサリースクールららテラス HARUMI FLAG,私立認可,月島,5歳児,未開園,,,未開園,未開園,,,未開園,B 40点,B,40点,内定あり,A 39点,A,39点,内定あり,-,,,定員達し(募集なし),
82,licensed-90,ポピンズナーサリースクールHARUMI FLAG PORT VILLAGE,私立認可,月島,0歳児(57日),未開園,,,未開園,未開園,,,未開園,D 40点,D,40点,内定あり,C 41点,C,41点,内定あり,C 40点,C,40点,内定あり,"2024,2025,2026年は57日・7か月合同募集枠"
82,licensed-90,ポピンズナーサリースクールHARUMI FLAG PORT VILLAGE,私立認可,月島,0歳児(7か月),未開園,,,未開園,未開園,,,未開園,D 40点,D,40点,内定あり,C 41点,C,41点,内定あり,C 40点,C,40点,内定あり,"2024,2025,2026年は57日・7か月合同募集枠"
82,licensed-90,ポピンズナーサリースクールHARUMI FLAG PORT VILLAGE,私立認可,月島,1歳児,未開園,,,未開園,未開園,,,未開園,M 40点,M,40点,内定あり,J 40点,J,40点,内定あり,H 40点,H,40点,内定あり,
82,licensed-90,ポピンズナーサリースクールHARUMI FLAG PORT VILLAGE,私立認可,月島,2歳児,未開園,,,未開園,未開園,,,未開園,E 38点以下,E,38点以下,内定あり,A 42点,A,42点,内定あり,A 43点以上,A,43点以上,内定あり,
82,licensed-90,ポピンズナーサリースクールHARUMI FLAG PORT VILLAGE,私立認可,月島,3歳児,未開園,,,未開園,未開園,,,未開園,D 38点以下,D,38点以下,内定あり,B 40点,B,40点,内定あり,B 41点,B,41点,内定あり,
82,licensed-90,ポピンズナーサリースクールHARUMI FLAG PORT VILLAGE,私立認可,月島,4歳児,未開園,,,未開園,未開園,,,未開園,B 40点,B,40点,内定あり,空,,,空きあり,-,,,定員達し(募集なし),
82,licensed-90,ポピンズナーサリースクールHARUMI FLAG PORT VILLAGE,私立認可,月島,5歳児,未開園,,,未開園,未開園,,,未開園,B 40点,B,40点,内定あり,空,,,空きあり,-,,,定員達し(募集なし),
83,licensed-92,にじいろ保育園HARUMI FLAG,私立認可,月島,0歳児(57日),未開園,,,未開園,未開園,,,未開園,未開園,,,未開園,未開園,,,未開園,／,,,受入なし(対象外),
83,licensed-92,にじいろ保育園HARUMI FLAG,私立認可,月島,0歳児(7か月),未開園,,,未開園,未開園,,,未開園,未開園,,,未開園,未開園,,,未開園,／,,,受入なし(対象外),
83,licensed-92,にじいろ保育園HARUMI FLAG,私立認可,月島,1歳児,未開園,,,未開園,未開園,,,未開園,未開園,,,未開園,未開園,,,未開園,E 40点,E,40点,内定あり,
83,licensed-92,にじいろ保育園HARUMI FLAG,私立認可,月島,2歳児,未開園,,,未開園,未開園,,,未開園,未開園,,,未開園,未開園,,,未開園,-,,,定員達し(募集なし),
83,licensed-92,にじいろ保育園HARUMI FLAG,私立認可,月島,3歳児,未開園,,,未開園,未開園,,,未開園,未開園,,,未開園,未開園,,,未開園,-,,,定員達し(募集なし),
83,licensed-92,にじいろ保育園HARUMI FLAG,私立認可,月島,4歳児,未開園,,,未開園,未開園,,,未開園,未開園,,,未開園,未開園,,,未開園,-,,,定員達し(募集なし),
83,licensed-92,にじいろ保育園HARUMI FLAG,私立認可,月島,5歳児,未開園,,,未開園,未開園,,,未開園,未開園,,,未開園,未開園,,,未開園,-,,,定員達し(募集なし),
84,licensed-93,ポピンズナーサリースクール豊海,私立認可,月島,0歳児(57日),-,,,未開設,-,,,未開設,-,,,未開設,-,,,未開設,-,,,未開設,
84,licensed-93,ポピンズナーサリースクール豊海,私立認可,月島,0歳児(7か月),-,,,未開設,-,,,未開設,-,,,未開設,-,,,未開設,-,,,未開設,
84,licensed-93,ポピンズナーサリースクール豊海,私立認可,月島,1歳児,-,,,未開設,-,,,未開設,-,,,未開設,-,,,未開設,-,,,未開設,
84,licensed-93,ポピンズナーサリースクール豊海,私立認可,月島,2歳児,-,,,未開設,-,,,未開設,-,,,未開設,-,,,未開設,-,,,未開設,
84,licensed-93,ポピンズナーサリースクール豊海,私立認可,月島,3歳児,-,,,未開設,-,,,未開設,-,,,未開設,-,,,未開設,-,,,未開設,
84,licensed-93,ポピンズナーサリースクール豊海,私立認可,月島,4歳児,-,,,未開設,-,,,未開設,-,,,未開設,-,,,未開設,-,,,未開設,
84,licensed-93,ポピンズナーサリースクール豊海,私立認可,月島,5歳児,-,,,未開設,-,,,未開設,-,,,未開設,-,,,未開設,-,,,未開設,
85,licensed-94,晴海こども園,こども園,月島,0歳児(57日),-,,,定員達し(募集なし),／,,,受入なし(対象外),／,,,受入なし(対象外),／,,,受入なし(対象外),／,,,受入なし(対象外),
85,licensed-94,晴海こども園,こども園,月島,0歳児(7か月),D 40点,D,40点,内定あり,E 40点,E,40点,内定あり,空,,,空きあり,G 40点,G,40点,内定あり,H 40点,H,40点,内定あり,
85,licensed-94,晴海こども園,こども園,月島,1歳児,C 43点以上,C,43点以上,内定あり,E 40点,E,40点,内定あり,E 40点,E,40点,内定あり,C 43点以上,C,43点以上,内定あり,A 43点以上,A,43点以上,内定あり,
85,licensed-94,晴海こども園,こども園,月島,2歳児,A 41点,A,41点,内定あり,A 42点,A,42点,内定あり,C 40点,C,40点,内定あり,A 43点以上,A,43点以上,内定あり,B 40点,B,40点,内定あり,
85,licensed-94,晴海こども園,こども園,月島,3歳児,A 43点以上,A,43点以上,内定あり,B 39点,B,39点,内定あり,B 40点,B,40点,内定あり,B 40点,B,40点,内定あり,B 41点,B,41点,内定あり,
85,licensed-94,晴海こども園,こども園,月島,4歳児,A 41点,A,41点,内定あり,-,,,定員達し(募集なし),-,,,定員達し(募集なし),-,,,定員達し(募集なし),-,,,定員達し(募集なし),
85,licensed-94,晴海こども園,こども園,月島,5歳児,-,,,定員達し(募集なし),空,,,空きあり,A 40点,A,40点,内定あり,-,,,定員達し(募集なし),-,,,定員達し(募集なし),
86,licensed-95,小学館アカデミー勝どきこども園,こども園,月島,0歳児(57日),-,,,定員達し(募集なし),／,,,受入なし(対象外),／,,,受入なし(対象外),／,,,受入なし(対象外),／,,,受入なし(対象外),
86,licensed-95,小学館アカデミー勝どきこども園,こども園,月島,0歳児(7か月),I 38点以下,I,38点以下,内定あり,空,,,空きあり,空,,,空きあり,H 40点,H,40点,内定あり,H 40点,H,40点,内定あり,
86,licensed-95,小学館アカデミー勝どきこども園,こども園,月島,1歳児,-,,,定員達し(募集なし),C 41点,C,41点,内定あり,G 40点,G,40点,内定あり,C 43点以上,C,43点以上,内定あり,H 40点,H,40点,内定あり,
86,licensed-95,小学館アカデミー勝どきこども園,こども園,月島,2歳児,-,,,定員達し(募集なし),-,,,定員達し(募集なし),-,,,定員達し(募集なし),-,,,定員達し(募集なし),B 40点,B,40点,内定あり,
86,licensed-95,小学館アカデミー勝どきこども園,こども園,月島,3歳児,-,,,定員達し(募集なし),-,,,定員達し(募集なし),-,,,定員達し(募集なし),-,,,定員達し(募集なし),A 42点,A,42点,内定あり,
86,licensed-95,小学館アカデミー勝どきこども園,こども園,月島,4歳児,A 42点,A,42点,内定あり,-,,,定員達し(募集なし),-,,,定員達し(募集なし),-,,,定員達し(募集なし),-,,,定員達し(募集なし),
86,licensed-95,小学館アカデミー勝どきこども園,こども園,月島,5歳児,-,,,定員達し(募集なし),空,,,空きあり,-,,,定員達し(募集なし),-,,,定員達し(募集なし),空,,,空きあり,
87,licensed-96,渋谷教育学園晴海西こども園,こども園,月島,0歳児(57日),未開園,,,未開園,未開園,,,未開園,／,,,受入なし(対象外),／,,,受入なし(対象外),／,,,受入なし(対象外),
87,licensed-96,渋谷教育学園晴海西こども園,こども園,月島,0歳児(7か月),未開園,,,未開園,未開園,,,未開園,／,,,受入なし(対象外),／,,,受入なし(対象外),／,,,受入なし(対象外),
87,licensed-96,渋谷教育学園晴海西こども園,こども園,月島,1歳児,未開園,,,未開園,未開園,,,未開園,E 41点,E,41点,内定あり,D 41点,D,41点,内定あり,E 40点,E,40点,内定あり,
87,licensed-96,渋谷教育学園晴海西こども園,こども園,月島,2歳児,未開園,,,未開園,未開園,,,未開園,B 40点,B,40点,内定あり,A 42点,A,42点,内定あり,A 42点,A,42点,内定あり,
87,licensed-96,渋谷教育学園晴海西こども園,こども園,月島,3歳児,未開園,,,未開園,未開園,,,未開園,B 41点,B,41点,内定あり,B 41点,B,41点,内定あり,B 41点,B,41点,内定あり,
87,licensed-96,渋谷教育学園晴海西こども園,こども園,月島,4歳児,未開園,,,未開園,未開園,,,未開園,A 40点,A,40点,内定あり,-,,,定員達し(募集なし),A 41点,A,41点,内定あり,
87,licensed-96,渋谷教育学園晴海西こども園,こども園,月島,5歳児,未開園,,,未開園,未開園,,,未開園,B 40点,B,40点,内定あり,-,,,定員達し(募集なし),-,,,定員達し(募集なし),
128,other-地域型保育-4,キャリー保育園八丁堀,地域型保育事業(小規模),京橋,0歳児(57日),F 40点,F,40点,内定あり,E 40点,E,40点,内定あり,E 40点,E,40点,内定あり,E 40点,E,40点,内定あり,G 40点,G,40点,内定あり,"2022,2023,2024,2025,2026年は57日・7か月合同募集枠"
128,other-地域型保育-4,キャリー保育園八丁堀,地域型保育事業(小規模),京橋,0歳児(7か月),F 40点,F,40点,内定あり,E 40点,E,40点,内定あり,E 40点,E,40点,内定あり,E 40点,E,40点,内定あり,G 40点,G,40点,内定あり,"2022,2023,2024,2025,2026年は57日・7か月合同募集枠"
128,other-地域型保育-4,キャリー保育園八丁堀,地域型保育事業(小規模),京橋,1歳児,M 38点以下,M,38点以下,内定あり,J 40点,J,40点,内定あり,J 40点,J,40点,内定あり,O 38点以下,O,38点以下,内定あり,空,,,空きあり,
128,other-地域型保育-4,キャリー保育園八丁堀,地域型保育事業(小規模),京橋,2歳児,B 40点,B,40点,内定あり,空,,,空きあり,D 40点,D,40点,内定あり,空,,,空きあり,空,,,空きあり,
128,other-地域型保育-4,キャリー保育園八丁堀,地域型保育事業(小規模),京橋,3歳児,-,,,定員達し(募集なし),／,,,受入なし(対象外),／,,,受入なし(対象外),／,,,受入なし(対象外),／,,,受入なし(対象外),
128,other-地域型保育-4,キャリー保育園八丁堀,地域型保育事業(小規模),京橋,4歳児,-,,,定員達し(募集なし),／,,,受入なし(対象外),／,,,受入なし(対象外),／,,,受入なし(対象外),／,,,受入なし(対象外),
128,other-地域型保育-4,キャリー保育園八丁堀,地域型保育事業(小規模),京橋,5歳児,-,,,定員達し(募集なし),／,,,受入なし(対象外),／,,,受入なし(対象外),／,,,受入なし(対象外),／,,,受入なし(対象外),
-,community-KuuKids,KuuKids,地域型保育事業(小規模),勝どき,0歳児(57日),-,,,定員達し(募集なし),／,,,受入なし(対象外),／,,,受入なし(対象外),／,,,受入なし(対象外),／,,,受入なし(対象外),
-,community-KuuKids,KuuKids,地域型保育事業(小規模),勝どき,0歳児(7か月),I 38点以下,I,38点以下,内定あり,空,,,空きあり,空,,,空きあり,空,,,空きあり,空,,,空きあり,
-,community-KuuKids,KuuKids,地域型保育事業(小規模),勝どき,1歳児,M 38点以下,M,38点以下,内定あり,-,,,定員達し(募集なし),J 40点,J,40点,内定あり,G 40点,G,40点,内定あり,M 40点,M,40点,内定あり,
-,community-KuuKids,KuuKids,地域型保育事業(小規模),勝どき,2歳児,-,,,定員達し(募集なし),-,,,定員達し(募集なし),-,,,定員達し(募集なし),-,,,定員達し(募集なし),-,,,定員達し(募集なし),
-,community-KuuKids,KuuKids,地域型保育事業(小規模),勝どき,3歳児,-,,,定員達し(募集なし),／,,,受入なし(対象外),／,,,受入なし(対象外),／,,,受入なし(対象外),／,,,受入なし(対象外),
-,community-KuuKids,KuuKids,地域型保育事業(小規模),勝どき,4歳児,-,,,定員達し(募集なし),／,,,受入なし(対象外),／,,,受入なし(対象外),／,,,受入なし(対象外),／,,,受入なし(対象外),
-,community-KuuKids,KuuKids,地域型保育事業(小規模),勝どき,5歳児,-,,,定員達し(募集なし),／,,,受入なし(対象外),／,,,受入なし(対象外),／,,,受入なし(対象外),／,,,受入なし(対象外),
